,,,Chair,Speaker,YSP,,,,,,,,,,,,,,,,,,,,,,,,
1533139162,8/1/18 8:59,Agueros,M,M,12,,,,,,M:C,M:Q,F:Q,M:Q,M:Q,, ;,,,,,,,,,,,,
1533139203,8/1/18 9:00,Agueros,M,M,12,,,,,,M:C,M:Q,F:Q,M:Q,M:Q,, ;,,,,,,,,,,,,
1533139203,8/1/18 9:00,Agueros,M,M,12,,,,,,M:C,M:Q,F:Q,M:Q,M:Q,, ;,,,,,,,,,,,,
1533139203,8/1/18 9:00,Agueros,M,M,12,,,,,,M:C,M:Q,F:Q,M:Q,M:Q,, ;,,,,,,,,,,,,
1533139204,8/1/18 9:00,Agueros,M,M,12,,,,,,M:C,M:Q,F:Q,M:Q,M:Q,, ;,,,,,,,,,,,,
1533139207,8/1/18 9:00,Agueros,M,M,12,,,,,,M:C,M:Q,F:Q,M:Q,M:Q,,Talk starts 11:44 Talk ends 11:53 Q/A ends 11:59 ;,,,,,,,,,,,,
1533139207,8/1/18 9:00,Agueros,M,M,12,,,,,,M:C,M:Q,F:Q,M:Q,M:Q,, ;,,,,,,,,,,,,
1533139232,8/1/18 9:00,Agueros,M,M,12,,,,,,M:C,M:Q,F:Q,M:Q,M:Q,, ;,,,,,,,,,,,,
1533139271,8/1/18 9:01,Agueros,M,M,12,,,,,,M:C,M:Q,F:Q,M:Q,M:Q,, ;,,,,,,,,,,,,
1533140029,8/1/18 9:13,Agueros,M,M,12,,,,,,M:C,M:Q,F:Q,M:Q,M:Q,, ;,,,,,,,,,,,,
1533218820,8/2/18 7:07,Alvarado-Gomez,M,M,PD,,,,,,M:Q,M:Q,M:Q,, ;,,,,,,,,,,,,,,
1533218824,8/2/18 7:07,Alvarado-Gomez,M,M,PD,,,,,,M:Q,M:Q,M:Q,, ;,,,,,,,,,,,,,,
1533218825,8/2/18 7:07,Alvarado-Gomez,M,M,PD,,,,,,M:Q,M:Q,M:Q,,first question was asked by chair ;,,,,,,,,,,,,,,
1533218825,8/2/18 7:07,Alvarado-Gomez,M,M,PD,,,,,,M:Q,M:Q,M:Q,M:Q,, ;,,,,,,,,,,,,,
1533218827,8/2/18 7:07,Alvarado-Gomez,M,M,PD,,,,,,M:Q,M:Q,M:Q,, ;,,,,,,,,,,,,,,
1533218841,8/2/18 7:07,Alvarado-Gomez,M,M,PD,,,,,,M:Q,M:Q,M:Q,, ;,,,,,,,,,,,,,,
1533221618,8/2/18 7:53,Alvarado-Gomez,,,PD,,,,,,M:Q,M:Q,M:Q,, ;,,,,,,,,,,,,,,
1533222673,8/2/18 8:11,Alvarado-Gomez,M,M,PD,,,,,,M:Q,M:Q,M:Q,, ;,,,,,,,,,,,,,,
1533223222,8/2/18 8:20,Alvarado-Gomez,M,M,PD,,,,,,M:Q,M:Q,M:Q,,First question from chair ;,,,,,,,,,,,,,,
1532974672,7/30/18 11:17,Amazo-Gomez,,,0,,,,,,F:Q,F:Q,M:Q,, ;,,,,,,,,,,,,,,
1532974684,7/30/18 11:18,Amazo-Gomez,M,F,0,,,,,,F:Q,F:Q,M:Q,, ;,,,,,,,,,,,,,,
1532974691,7/30/18 11:18,Amazo-Gomez,M,F,0,,,,,,F:Q,F:Q,M:Q,, ;,,,,,,,,,,,,,,
1532974701,7/30/18 11:18,Amazo-Gomez,F,M,0,,,,,,F:Q,F:Q,M:Q,, ;,,,,,,,,,,,,,,
1532974707,7/30/18 11:18,Amazo-Gomez,M,F,0,,,,,,F:Q,F:Q,M:Q,,This session seems to require people who are asking question to go to the microphones. No runners. ;,,,,,,,,,,,,,,
1533245578,8/2/18 14:32,Angus,M,F,2,,,,,,M:Q,M:Q,F:Q,,Chair locked in the qs from the start ;,,,,,,,,,,,,,,
1533245627,8/2/18 14:33,Angus,M,F,2,,,,,,M:Q,M:Q,F:Q,, ;,,,,,,,,,,,,,,
1533245627,8/2/18 14:33,Angus,M,F,2,,,,,,M:Q,M:Q,F:Q,, ;,,,,,,,,,,,,,,
1533245634,8/2/18 14:33,Angus,M,F,2,,,,,,M:Q,M:Q,F:Q,, ;,,,,,,,,,,,,,,
1533245635,8/2/18 14:33,Angus,M,F,2,,,,,,M:Q,M:Q,F:Q,, ;,,,,,,,,,,,,,,
1533245636,8/2/18 14:33,Angus,M,F,2,,,,,,M:Q,M:Q,M:Q,F:Q,, ;,,,,,,,,,,,,,
1533245638,8/2/18 14:33,Angus,M,F,2,,,,,,M:Q,M:Q,F:Q,, ;,,,,,,,,,,,,,,
1533216000,8/2/18 6:20,Argiroffi,M,F,12,,,,,,F:Q,F:Q,M:Q,F:Q,, ;,,,,,,,,,,,,,
1533216003,8/2/18 6:20,Argiroffi,,,12,,,,,,F:Q,F:Q,M:Q,F:Q,, ;,,,,,,,,,,,,,
1533216006,8/2/18 6:20,Argiroffi,M,F,12,,,,,,F:Q,F:Q,F:Q,, ;,,,,,,,,,,,,,,
1533216007,8/2/18 6:20,Argiroffi,M,F,12,,,,,,F:Q,F:Q,M:Q,F:Q,, ;,,,,,,,,,,,,,
1533216007,8/2/18 6:20,Argiroffi,M,F,12,,,,,,F:Q,F:Q,M:Q,F:Q,, ;,,,,,,,,,,,,,
1533216013,8/2/18 6:20,Argiroffi,M,F,12,,,,,,F:Q,F:Q,M:Q,F:C,, ;,,,,,,,,,,,,,
1533216013,8/2/18 6:20,Argiroffi,M,F,12,,,,,,F:Q,F:Q,M:Q,F:Q,, ;,,,,,,,,,,,,,
1533216016,8/2/18 6:20,Argiroffi,M,F,12,,,,,,F:Q,F:Q,M:Q,F:Q,, ;,,,,,,,,,,,,,
1533216017,8/2/18 6:20,Argiroffi,M,F,12,,,,,,F:Q,F:Q,F:Q,, ;,,,,,,,,,,,,,,
1533216023,8/2/18 6:20,Argiroffi,M,F,12,,,,,,F:Q,F:Q,M:Q,F:Q,, ;,,,,,,,,,,,,,
1533243985,8/2/18 14:06,Armstrong,M,M,0,,,,,,M:Q,F:Q,, ;,,,,,,,,,,,,,,,
1533244046,8/2/18 14:07,Armstrong,M,M,0,,,,,,M:Q,F:Q,, ;,,,,,,,,,,,,,,,
1533244816,8/2/18 14:20,Armstrong,M,M,0,,,,,,M:Q,F:Q,, ;,,,,,,,,,,,,,,,
1533234163,8/2/18 11:22,Basri,M,M,39,,,,,,M:Q,F:Q,M:Q,, ;,,,,,,,,,,,,,,
1533234171,8/2/18 11:22,Basri,M,M,39,,,,,,??, F:Q, M:Q,,I think I missed a question ;,,,,,,,,,,,,,,
1533234172,8/2/18 11:22,Basri,M,M,39,,,,,,M:Q,F:Q,M:Q,, ;,,,,,,,,,,,,,,
1533234173,8/2/18 11:22,Basri,M,M,39,,,,,,M:Q,F:Q,M:Q,, ;,,,,,,,,,,,,,,
1533234175,8/2/18 11:22,Basri,M,M,39,,,,,,M:Q,F:Q,M:Q,, ;,,,,,,,,,,,,,,
1533234178,8/2/18 11:22,Basri,M,M,39,,,,,,M:Q,F:Q,M:Q,, ;,,,,,,,,,,,,,,
1533071229,7/31/18 14:07,Bastien,F,F,4,,,,,,F:Q,F:Q,M:Q,F:Q,, ;,,,,,,,,,,,,,
1533071229,7/31/18 14:07,Bastien,F,F,4,,,,,,F:Q,F:Q,M:Q,F:Q,, ;,,,,,,,,,,,,,
1533071230,7/31/18 14:07,Bastien,F,F,4,,,,,,F:Q,F:Q,M:Q,F:Q,,chair asked first question ;,,,,,,,,,,,,,
1533071232,7/31/18 14:07,Bastien,F,F,4,,,,,,F:Q,F:Q,M:Q,F:Q,, ;,,,,,,,,,,,,,
1533071235,7/31/18 14:07,Bastien,F,F,4,,,,,,F:Q,F:Q,M:Q,F:Q,, ;,,,,,,,,,,,,,
1533071235,7/31/18 14:07,Bastien,F,F,4,,,,,,F:Q,F:Q,M:Q,F:Q,, ;,,,,,,,,,,,,,
1533071236,7/31/18 14:07,Bastien,F,F,4,,,,,,F:Q,F:Q,M:Q,F:Q,, ;,,,,,,,,,,,,,
1533071237,7/31/18 14:07,Bastien,F,F,4,,,,,,F:Q,F:Q,M:Q,F:Q,,Talk starts 16:52 Talk ends 17:04 Q/A ends 17:06 First question from female chair ;,,,,,,,,,,,,,
1533071240,7/31/18 14:07,Bastien,F,F,4,,,,,,??,F:Q,M:Q,F:Q,,Know Thy Starspot Splinter ;,,,,,,,,,,,,,
1533071243,7/31/18 14:07,Bastien,F,F,4,,,,,,F:Q,M:Q,F:Q,M:Q,F:Q,, ;,,,,,,,,,,,,
1532978027,7/30/18 12:13,Beck,M,M,5,,,,,,F:C,M:C,, ;,,,,,,,,,,,,,,,
1532978029,7/30/18 12:13,Beck,M,M,5,,,,,,F:C,M:C,, ;,,,,,,,,,,,,,,,
1532978034,7/30/18 12:13,Beck,M,M,5,,,,,,F:C,M:C,, ;,,,,,,,,,,,,,,,
1532978038,7/30/18 12:13,Beck,M,M,5,,,,,,F:C,M:C,, ;,,,,,,,,,,,,,,,
1532978043,7/30/18 12:14,Beck,M,M,5,,,,,,F:C,M:C,, ;,,,,,,,,,,,,,,,
1532978045,7/30/18 12:14,Beck,M,M,5,,,,,,F:C,M:C,, ;,,,,,,,,,,,,,,,
1532978052,7/30/18 12:14,Beck,M,M,5,,,,,,F:C,M:C,, ;,,,,,,,,,,,,,,,
1532978112,7/30/18 12:15,Beck,F,M,5,,,,,,F:C,M:C,, ;,,,,,,,,,,,,,,,
1532958168,7/30/18 6:42,Bedell,F,F,1,,,,,,F:Q,M:Q,M:Q,M:Q,F:Q,M:Q,, ;,,,,,,,,,,,
1532958171,7/30/18 6:42,Bedell,F,F,1,,,,,,F:Q,M:Q,M:Q,M:Q,F:Q,M:Q,, ;,,,,,,,,,,,
1532958172,7/30/18 6:42,Bedell,F,F,1,,,,,,F:Q,M:Q,M:Q,M:Q,F:Q,M:Q,, ;,,,,,,,,,,,
1532958176,7/30/18 6:42,Bedell,F,F,1,,,,,,F:Q,M:Q,M:Q,M:Q,F:Q,M:Q,, ;,,,,,,,,,,,
1532958176,7/30/18 6:42,Bedell,F,F,1,,,,,,F:Q,M:Q,M:Q,M:Q,F:Q,M:Q,, ;,,,,,,,,,,,
1532958182,7/30/18 6:43,Bedell,F,F,1,,,,,,F:Q,M:Q,M:Q,M:Q,F:Q,M:Q,, ;,,,,,,,,,,,
1532958189,7/30/18 6:43,Bedell,F,F,1,,,,,,F:Q,M:Q,M:Q,M:Q,F:Q,M:Q,, ;,,,,,,,,,,,
1532958231,7/30/18 6:43,Bedell,F,F,1,,,,,,F:Q,M:Q,M:Q,M:Q,F:Q,M:Q,,FirstName LastName, loudish bickering from FirstName LastName;,,,,,,,,,,
1532958241,7/30/18 6:44,Bedell,F,F,1,,,,,,F:Q,M:Q,M:Q,M:Q,F:Q,M:Q,, ;,,,,,,,,,,,
1532958263,7/30/18 6:44,Bedell,F,F,1,,,,,,F:Q,M:Q,M:Q,F:Q,M:Q,, ;,,,,,,,,,,,,
1532958264,7/30/18 6:44,Bedell,F,F,1,,,,,,F:Q,M:Q,M:Q,M:Q,F:Q,M:Q,, ;,,,,,,,,,,,
1532958980,7/30/18 6:56,Bedell,F,F,1,,,,,,F:Q,M:Q,M:Q,M:Q,F:Q,M:Q,, ;,,,,,,,,,,,
1532960001,7/30/18 7:13,Bedell,F,F,1,,,,,,F:Q,M:Q,M:Q,F:Q,M:Q,, ;,,,,,,,,,,,,
1533062112,7/31/18 11:35,Berdyugina,M,F,,,,,,,F:Q,M:Q,F:Q,M:C,, ;,,,,,,,,,,,,,
1533062123,7/31/18 11:35,Berdyugina,M,F,,,,,,,F:Q,M:Q,F:Q,M:Q,,Talk starts 14:05 Talk ends 14:28 Q/A ends 14:35 ;,,,,,,,,,,,,,
1533062131,7/31/18 11:35,Berdyugina,M,F,,,,,,,F:Q,M:Q,F:Q,M:Q,,There may have been a 5th Q? ;,,,,,,,,,,,,,
1533062135,7/31/18 11:35,Berdyugina,M,F,,,,,,,F:Q,M:Q,F:Q,M:Q,, ;,,,,,,,,,,,,,
1533062150,7/31/18 11:35,Berdyugina,M,F,,,,,,,F:Q,M:Q,F:Q,M:Q,M:Q,,Chair encouraged questions. Speaker encouraged questions from students and post docs.  ;,,,,,,,,,,,,
1533062178,7/31/18 11:36,Berdyugina,M,F,,,,,,,F:Q,M:Q,F:Q,M:Q,,Know Thy Starspot Splinter ;,,,,,,,,,,,,,
1533062198,7/31/18 11:36,Berdyugina,,,,,,,,,F:Q,M:Q,F:Q,M:Q,, ;,,,,,,,,,,,,,
1532978903,7/30/18 12:28,Best,M,M,0,,,,,,F:Q,F:Q,M:Q,F:Q,M:Q,,Talk starts 15:12 Talk ends 15:24 Q/A ends 15:28 ;,,,,,,,,,,,,
1532981665,7/30/18 13:14,Best,M,M,0,,,,,,F:Q,F:Q,, ;,,,,,,,,,,,,,,,
1533044403,7/31/18 6:40,Bice,M,M,0,,,,,,M:Q,F:Q,M:Q,, ;,,,,,,,,,,,,,,
1533044405,7/31/18 6:40,Bice,M,M,0,,,,,,M:Q,F:Q,M:Q,,Final question was more of a comment but came with a small question. ;,,,,,,,,,,,,,,
1533044411,7/31/18 6:40,Bice,M,M,0,,,,,,M:Q,F:Q,M:Q,, ;,,,,,,,,,,,,,,
1533044413,7/31/18 6:40,Bice,M,M,0,,,,,,M:Q,F:Q,M:Q,, ;,,,,,,,,,,,,,,
1533044413,7/31/18 6:40,Bice,M,M,0,,,,,,M:Q,F:Q,M:Q,, ;,,,,,,,,,,,,,,
1533044414,7/31/18 6:40,Bice,M,M,0,,,,,,M:Q,F:Q,M:Q,,Speaker is a graduate student ;,,,,,,,,,,,,,,
1533044415,7/31/18 6:40,Bice,M,M,0,,,,,,M:Q,F:Q,M:Q,,Talk starts 09:24 Talk ends 09:35 Q/A ends 09:40 ;,,,,,,,,,,,,,,
1533044416,7/31/18 6:40,Bice,M,M,0,,,,,,M:Q,F:Q,M:Q,, ;,,,,,,,,,,,,,,
1533044421,7/31/18 6:40,Bice,M,M,0,,,,,,M:Q,F:Q,M:Q,, ;,,,,,,,,,,,,,,
1533044423,7/31/18 6:40,Bice,M,M,0,,,,,,M:Q,F:Q,M:Q,, ;,,,,,,,,,,,,,,
1533044423,7/31/18 6:40,Bice,M,M,0,,,,,,M:Q,F:Q,M:Q,, ;,,,,,,,,,,,,,,
1533044424,7/31/18 6:40,Bice,M,M,0,,,,,,M:Q,F:Q,M:Q,, ;,,,,,,,,,,,,,,
1533044426,7/31/18 6:40,Bice,M,M,0,,,,,,M:Q,F:Q,M:Q,, ;,,,,,,,,,,,,,,
1533044437,7/31/18 6:40,Bice,M,M,0,,,,,,M:Q,F:Q,M:Q,, ;,,,,,,,,,,,,,,
1533044452,7/31/18 6:40,Bice,M,M,0,,,,,,M:Q,F:Q,M:C, ;,,,,,,,,,,,,,,,
1533044457,7/31/18 6:40,Bice,M,M,0,,,,,,M:Q,F:Q,M:Q,, ;,,,,,,,,,,,,,,
1533044826,7/31/18 6:47,Bice,M,M,0,,,,,,M:Q,F:Q,M:Q,, ;,,,,,,,,,,,,,,
1533305058,8/3/18 7:04,Birkby,M,F,6,,,,,,M:Q,F:Q,M:Q,, ;,,,,,,,,,,,,,,
1533305061,8/3/18 7:04,Birkby,M,F,6,,,,,,M:Q,F:Q,M:C,M:Q,, ;,,,,,,,,,,,,,
1533305086,8/3/18 7:04,Birkby,M,F,6,,,,,,M:Q,F:Q,M:Q,, ;,,,,,,,,,,,,,,
1533305087,8/3/18 7:04,Birkby,M,F,6,,,,,,M:Q,F:Q,M:Q,, ;,,,,,,,,,,,,,,
1533305087,8/3/18 7:04,Birkby,M,F,6,,,,,,M:Q,F:Q,M:Q,, ;,,,,,,,,,,,,,,
1533305088,8/3/18 7:04,Birkby,M,F,6,,,,,,M:Q,F:Q,M:Q,,Talk starts 09:50 Talk ends 10:01 Q/A ends 10:04 ;,,,,,,,,,,,,,,
1533305089,8/3/18 7:04,Birkby,M,F,6,,,,,,M:Q,F:Q,M:Q,, ;,,,,,,,,,,,,,,
1533305092,8/3/18 7:04,Birkby,M,F,6,,,,,,M:Q,F:Q,M:Q,, ;,,,,,,,,,,,,,,
1533305093,8/3/18 7:04,Birkby,M,F,6,,,,,,M:Q,F:Q,M:Q,, ;,,,,,,,,,,,,,,
1533305094,8/3/18 7:04,Birkby,M,F,6,,,,,,M:Q,F:Q,M:Q,, ;,,,,,,,,,,,,,,
1533305094,8/3/18 7:04,Birkby,M,M,6,,,,,,M:Q,F:Q,M:Q,, ;,,,,,,,,,,,,,,
1533305097,8/3/18 7:04,Birkby,M,F,6,,,,,,M:Q,F:Q,M:Q,, ;,,,,,,,,,,,,,,
1533305099,8/3/18 7:04,Birkby,M,F,6,,,,,,M:Q,F:Q,M:Q,, ;,,,,,,,,,,,,,,
1533305099,8/3/18 7:04,Birkby,M,F,6,,,,,,M:Q,F:Q,M:Q,, ;,,,,,,,,,,,,,,
1533308159,8/3/18 7:55,Birkby,M,F,6,,,,,,M:Q,F:Q,M:Q,, ;,,,,,,,,,,,,,,
1532983528,7/30/18 13:45,Bonavita,M,F,PD,,,,,,M:Q,M:Q,F:Q,, ;,,,,,,,,,,,,,,
1532983562,7/30/18 13:46,Bonavita,M,F,PD,,,,,,M:Q,M:Q,F:Q,,Talk starts 16:31 Talk ends  16:42 Q/A ends 16:45 ;,,,,,,,,,,,,,,
1532983565,7/30/18 13:46,Bonavita,M,F,PD,,,,,,M:Q,M:Q,F:Q,, ;,,,,,,,,,,,,,,
1532983565,7/30/18 13:46,Bonavita,F,M,PD,,,,,,M:Q,M:Q,M:Q,F:Q,,(second person, M, asked two questions, so i recorded two entries for that) ;,,,,,,,,,,
1532983568,7/30/18 13:46,Bonavita,M,F,PD,,,,,,M:Q,M:Q,F:Q,, ;,,,,,,,,,,,,,,
1532983569,7/30/18 13:46,Bonavita,M,F,PD,,,,,,M:Q,M:Q,F:Q,, ;,,,,,,,,,,,,,,
1533055425,7/31/18 9:43,Brandenburg,M,M,28,,,,,,M:Q,F:Q,M:Q,M:Q,M:Q,M:Q,M:Q,, ;,,,,,,,,,,
1533055434,7/31/18 9:43,Brandenburg,M,M,28,,,,,,M:Q,F:Q,M:Q,M:Q,M:C,M:Q,M:Q,M:Q,,Talk starts 12:28 Talk ends 12:37 Q/A ends 12:44 Comment was requested by speaker ;,,,,,,,,,
1533055470,7/31/18 9:44,Brandenburg,M,M,28,,,,,,M:Q,F:Q,M:Q,M:Q,M:Q,M:Q,, ;,,,,,,,,,,,
1533055478,7/31/18 9:44,Brandenburg,M,M,28,,,,,,M:Q,F:Q,M:Q,M:Q,M:Q,M:Q,M:Q,, ;,,,,,,,,,,
1533055480,7/31/18 9:44,Brandenburg,M,M,28,,,,,,M:Q,F:Q,M:Q,M:Q,M:Q,M:Q,M:Q,, ;,,,,,,,,,,
1533055481,7/31/18 9:44,Brandenburg,M,M,28,,,,,,M:C,F:Q,M:Q,M:Q,M:Q,M:Q,,Talked over female question and didn’t answer. ;,,,,,,,,,,,
1533055481,7/31/18 9:44,Brandenburg,M,M,28,,,,,,M:Q,F:Q,M:Q,M:Q,M:Q,M:Q,M:Q,, ;,,,,,,,,,,
1533055487,7/31/18 9:44,Brandenburg,M,M,28,,,,,,M:Q,F:Q,M:Q,M:Q,M:Q,M:Q,M:Q,, ;,,,,,,,,,,
1533055488,7/31/18 9:44,Brandenburg,M,M,28,,,,,,M:Q,F:Q,M:Q,M:Q,M:Q,M:Q,M:Q,, ;,,,,,,,,,,
1533055488,7/31/18 9:44,Brandenburg,M,M,28,,,,,,M:C,F:Q,M:Q,M:Q,M:Q,M:Q,M:Q,M:Q,, ;,,,,,,,,,
1533240985,8/2/18 13:16,Bravi,M,M,0,,,,,,M:Q,M:Q,M:Q,, ;,,,,,,,,,,,,,,
1533240996,8/2/18 13:16,Bravi,M,M,0,,,,,,M:Q,M:Q,, ;,,,,,,,,,,,,,,,
1533240997,8/2/18 13:16,Bravi,M,M,0,,,,,,M:Q,M:Q,M:Q,,The speaker said he was unable to answer a question, so the chair offered an answer (from the same collaboration). ;,,,,,,,,,,,,,
1533241013,8/2/18 13:16,Bravi,M,M,0,,,,,,M:Q,M:Q,M:Q,, ;,,,,,,,,,,,,,,
1533241070,8/2/18 13:17,Bravi,M,M,0,,,,,,M:Q,M:Q,M:Q,, ;,,,,,,,,,,,,,,
1533042378,7/31/18 6:06,Browning,M,M,SR,,,,,,M:Q,M:Q,M:Q,, ;,,,,,,,,,,,,,,
1533042379,7/31/18 6:06,Browning,M,M,SR,,,,,,M:Q,M:Q,M:Q,, ;,,,,,,,,,,,,,,
1533042380,7/31/18 6:06,Browning,M,M,SR,,,,,,M:Q,M:Q,M:Q,, ;,,,,,,,,,,,,,,
1533042386,7/31/18 6:06,Browning,M,M,SR,,,,,,M:Q,M:Q,M:Q,, ;,,,,,,,,,,,,,,
1533042386,7/31/18 6:06,Browning,M,M,SR,,,,,,M:Q,M:Q,M:Q,, ;,,,,,,,,,,,,,,
1533042388,7/31/18 6:06,Browning,M,M,SR,,,,,,M:Q,M:Q,M:Q,, ;,,,,,,,,,,,,,,
1533042389,7/31/18 6:06,Browning,M,M,SR,,,,,,M:Q,M:Q,M:C,, ;,,,,,,,,,,,,,,
1533042401,7/31/18 6:06,Browning,M,M,SR,,,,,,M:Q,M:Q,M:Q,,Talk starts 08:32 Talk ends 08:58 Q/A ends 09:06 - chair ended Q/A to keep on schedule ;,,,,,,,,,,,,,,
1533042405,7/31/18 6:06,Browning,M,M,SR,,,,,,M:Q,M:Q,M:Q,, ;,,,,,,,,,,,,,,
1533061539,7/31/18 11:25,Brun,M,M,20,,,,,,M:Q,M:Q,M:Q,, ;,,,,,,,,,,,,,,
1533301394,8/3/18 6:03,Burgasser,M,M,17,,,,,,M:Q,F:Q,M:Q,, ;,,,,,,,,,,,,,,
1533301397,8/3/18 6:03,Burgasser,M,M,17,,,,,,M:Q,F:Q,M:Q,,Talk starts 08:32 Talk ends 08:59 Q/A ends 09:03 ;,,,,,,,,,,,,,,
1533301401,8/3/18 6:03,Burgasser,M,M,17,,,,,,M:Q,F:C,M:Q,,Third question was from the session chair  ;,,,,,,,,,,,,,,
1533301405,8/3/18 6:03,Burgasser,M,M,17,,,,,,M:Q,F:C,M:Q,, ;,,,,,,,,,,,,,,
1533301417,8/3/18 6:03,Burgasser,M,M,17,,,,,,M:Q,F:C,M:Q,, ;,,,,,,,,,,,,,,
1533301732,8/3/18 6:08,Burgasser,M,M,17,,,,,,M:Q,F:C,M:Q,, ;,,,,,,,,,,,,,,
1533301926,8/3/18 6:12,Burgasser,M,M,17,,,,,,M:Q,F:Q,M:Q,,Female question was not answered - perhaps I missed that it was a comment. ;,,,,,,,,,,,,,,
1533302026,8/3/18 6:13,Burgasser,M,M,17,,,,,,M:Q,F:C,M:Q,, ;,,,,,,,,,,,,,,
1533302040,8/3/18 6:14,Burgasser,M,M,17,,,,,,M:Q,F:C,M:Q,, ;,,,,,,,,,,,,,,
1532967629,7/30/18 9:20,Casamiquela,F,F,PD?,,,,,,F:Q,M:Q,,"First question was a ""jokey"" question asking to see the speaker's conclusions (which she'd run out of time to talk about) ;",,,,,,,,,,,,,,,
1532967770,7/30/18 9:22,Casamiquela,F,F,PD?,,,,,,M:Q,F:Q,M:Q,,First question by woman not really a question - just asking to show conclusions slide that was skipped ;,,,,,,,,,,,,,,
1532967771,7/30/18 9:22,Casamiquela,F,F,PD?,,,,,,F:Q,M:Q,F:Q,M:Q,, ;,,,,,,,,,,,,,
1532967775,7/30/18 9:22,Casamiquela,F,F,PD?,,,,,,F:Q,M:Q,F:Q,, ;,,,,,,,,,,,,,,
1532967776,7/30/18 9:22,Casamiquela,F,F,PD?,,,,,,F:Q,M:Q,F:Q,M:Q,, ;,,,,,,,,,,,,,
1532967778,7/30/18 9:22,Casamiquela,F,F,PD?,,,,,,F:Q,M:Q,F:Q,M:Q,, ;,,,,,,,,,,,,,
1532967780,7/30/18 9:23,Casamiquela,F,F,PD?,,,,,,F:Q,M:Q,F:Q,M:Q,, ;,,,,,,,,,,,,,
1532967781,7/30/18 9:23,Casamiquela,F,F,PD?,,,,,,F:Q,M:Q,F:Q,M:Q,, ;,,,,,,,,,,,,,
1532967793,7/30/18 9:23,Casamiquela,F,F,PD?,,,,,,F:Q,M:Q,F:Q,M:Q,, ;,,,,,,,,,,,,,
1532967820,7/30/18 9:23,Casamiquela,F,F,PD?,,,,,,F:Q,F:Q,M:Q,,Talk starts 12:06 Talk ends 12:18 Q/A ends 12:22 ;,,,,,,,,,,,,,,
1532967863,7/30/18 9:24,Casamiquela,F,F,PD?,,,,,,F:Q,M:Q,F:Q,M:Q,, ;,,,,,,,,,,,,,
1533051124,7/31/18 8:32,Cauzzi,F,M,SR,,,,,,M:C,M:Q,F:C,M:Q,F:Q,M:Q,M:Q,F:C,, ;,,,,,,,,,
1533051125,7/31/18 8:32,Cauzzi,,,SR,,,,,,M:C,M:Q,F:Q,M:C,M:Q,F:C,, ;,,,,,,,,,,,
1533051126,7/31/18 8:32,Cauzzi,M,F,SR,,,,,,M:C,M:Q,F:C,F:Q,M:C,M:Q,F:C,,Most comments were commenting on other comments. ;,,,,,,,,,,
1533051127,7/31/18 8:32,Cauzzi,M,F,SR,,,,,,M:C,M:Q,F:C,F:Q,M:C,M:Q,F:C,,"Chair did not enforce the ""qs no comments rule"" at all. ;",,,,,,,,,,
1533051129,7/31/18 8:32,Cauzzi,M,F,SR,,,,,,M:C,M:Q,F:C,F:Q,M:C,M:Q,F:C,, ;,,,,,,,,,,
1533051129,7/31/18 8:32,Cauzzi,M,F,SR,,,,,,M:C,M:Q,F:C,F:Q,M:Q,M:Q,F:C,,Talk starts 10:58 Talk ends 11:24 Q/A ends Male commenter kept interrupting speaker somewhat as she was explaining. ;,,,,,,,,,,
1533051129,7/31/18 8:32,Cauzzi,M,F,SR,,,,,,M:C,M:Q,F:C,F:Q,M:C,M:Q,F:C,, ;,,,,,,,,,,
1533051130,7/31/18 8:32,Cauzzi,M,F,SR,,,,,,M:C,M:Q,F:C,F:Q,M:C,M:Q,F:C,, ;,,,,,,,,,,
1533051136,7/31/18 8:32,Cauzzi,M,F,SR,,,,,,M:C,M:Q,F:C,M:Q,M:Q,, ;,,,,,,,,,,,,
1533051138,7/31/18 8:32,Cauzzi,M,F,SR,,,,,,M:C,M:Q,F:C,F:Q,M:C,M:Q,F:C,,Third comment was a response to the previous question. 7th comment was in response to a previous question (I forget which one) ;,,,,,,,,,,
1533051140,7/31/18 8:32,Cauzzi,M,F,SR,,,,,,M:C,M:Q,F:C,F:Q,M:C,M:Q,F:C,, ;,,,,,,,,,,
1533051152,7/31/18 8:32,Cauzzi,M,F,SR,,,,,,M:C,F:C,F:Q,M:C,M:Q,F:C,, ;,,,,,,,,,,,
1533051155,7/31/18 8:32,Cauzzi,M,F,SR,,,,,,M:C,M:Q,F:C,F:Q,M:C,M:Q,F:C,, ;,,,,,,,,,,
1533051174,7/31/18 8:32,Cauzzi,M,F,SR,,,,,,M:C,M:Q,F:Q,F:Q,M:C,M:C,M:Q,F:C,,last F:C was in response to an earlier M:C ;,,,,,,,,,
1533045499,7/31/18 6:58,Cegla,M,F,4,,,,,,M:Q,M:Q,M:Q,, ;,,,,,,,,,,,,,,
1533045500,7/31/18 6:58,Cegla,M,F,4,,,,,,M:Q,M:Q,M:Q,, ;,,,,,,,,,,,,,,
1533045500,7/31/18 6:58,Cegla,M,F,4,,,,,,M:Q,M:Q,M:Q,, ;,,,,,,,,,,,,,,
1533045504,7/31/18 6:58,Cegla,M,F,4,,,,,,M:Q,M:Q,M:Q,, ;,,,,,,,,,,,,,,
1533045504,7/31/18 6:58,Cegla,M,F,4,,,,,,M:Q,M:Q,M:Q,,3rd M:Q was partially a comment. ;,,,,,,,,,,,,,,
1533045505,7/31/18 6:58,Cegla,M,F,4,,,,,,M:Q,M:Q,M:Q,,Talk starts 09:40 Talk ends 09:52 Q/A ends 09:58 ;,,,,,,,,,,,,,,
1533045505,7/31/18 6:58,Cegla,M,F,4,,,,,,M:Q,M:Q,M:Q,, ;,,,,,,,,,,,,,,
1533045506,7/31/18 6:58,Cegla,M,F,4,,,,,,M:Q,M:Q,M:Q,, ;,,,,,,,,,,,,,,
1533045506,7/31/18 6:58,Cegla,M,F,4,,,,,,M:Q,M:Q,M:Q,, ;,,,,,,,,,,,,,,
1533045506,7/31/18 6:58,Cegla,M,F,4,,,,,,M:Q,M:Q,M:Q,, ;,,,,,,,,,,,,,,
1533045514,7/31/18 6:58,Cegla,M,F,4,,,,,,M:Q,M:Q,M:Q,, ;,,,,,,,,,,,,,,
1533045518,7/31/18 6:58,Cegla,M,F,4,,,,,,M:Q,M:C,M:Q,, ;,,,,,,,,,,,,,,
1533045521,7/31/18 6:58,Cegla,M,F,4,,,,,,M:Q,M:Q,M:Q,, ;,,,,,,,,,,,,,,
1533045566,7/31/18 6:59,Cegla,M,F,4,,,,,,M:Q,M:Q,M:Q,, ;,,,,,,,,,,,,,,
1533045618,7/31/18 7:00,Cegla,M,F,4,,,,,,M:Q,M:Q,M:Q,, ;,,,,,,,,,,,,,,
1533070804,7/31/18 14:00,Cohen,M,M,10,,,,,,M:Q,, ;,,,,,,,,,,,,,,,,
1533070817,7/31/18 14:00,Cohen,M,M,10,,,,,,M:Q,,,Questions were cut off due to time constraints ;,,,,,,,,,,,,,,,
1533241941,8/2/18 13:32,Covey,M,M,12,,,,,,M:Q,F:Q,, ;,,,,,,,,,,,,,,,
1533241942,8/2/18 13:32,Covey,M,M,12,,,,,,M:Q,F:Q,, ;,,,,,,,,,,,,,,,
1533241952,8/2/18 13:32,Covey,M,M,12,,,,,,M:Q,F:Q,, ;,,,,,,,,,,,,,,,
1533241958,8/2/18 13:32,Covey,M,M,12,,,,,,M:Q,F:Q,, ;,,,,,,,,,,,,,,,
1533242001,8/2/18 13:33,Covey,M,M,12,,,,,,M:Q,F:Q,, ;,,,,,,,,,,,,,,,
1533217790,8/2/18 6:49,D'Angelo,M,F,PD,,,,,,M:Q,M:Q,M:Q,M:Q,, ;,,,,,,,,,,,,,
1533217798,8/2/18 6:49,D'Angelo,M,F,PD,,,,,,M:Q,M:Q,M:Q,M:Q,M:Q,, ;,,,,,,,,,,,,
1533217799,8/2/18 6:49,D'Angelo,M,F,PD,,,,,,M:Q,M:Q,M:Q,M:Q,, ;,,,,,,,,,,,,,
1533217802,8/2/18 6:50,D'Angelo,M,F,PD,,,,,,M:Q,M:Q,M:Q,M:Q,M:Q,, ;,,,,,,,,,,,,
1533217810,8/2/18 6:50,D'Angelo,M,F,PD,,,,,,M:Q,M:Q,M:Q,M:Q,M:Q,, ;,,,,,,,,,,,,
1533217829,8/2/18 6:50,D'Angelo,,,PD,,,,,,M:Q,M:Q,M:Q,M:Q,M:Q,, ;,,,,,,,,,,,,
1533217845,8/2/18 6:50,D'Angelo,M,F,PD,,,,,,M:Q,M:Q,M:Q,M:Q,M:Q,, ;,,,,,,,,,,,,
1533217895,8/2/18 6:51,D'Angelo,M,F,PD,,,,,,M:Q,M:Q,M:Q,M:Q,M:Q,, ;,,,,,,,,,,,,
1533217924,8/2/18 6:52,D'Angelo,M,F,PD,,,,,,M:Q,M:Q,M:Q,M:Q,M:Q,, ;,,,,,,,,,,,,
1532960233,7/30/18 7:17,Davenport,F,M,3,,,,,,F:Q,M:Q,F:Q,F:Q,,Pointed out gender in questions. ;,,,,,,,,,,,,,
1532960234,7/30/18 7:17,Davenport,F,M,3,,,,,,F:Q,M:Q,F:Q,F:Q,, ;,,,,,,,,,,,,,
1532960234,7/30/18 7:17,Davenport,F,M,3,,,,,,F:Q,M:Q,F:Q,F:Q,, ;,,,,,,,,,,,,,
1532960234,7/30/18 7:17,Davenport,F,M,3,,,,,,F:Q,M:Q,F:Q,F:Q,,Astrogender commercial ;,,,,,,,,,,,,,
1532960235,7/30/18 7:17,Davenport,F,M,3,,,,,,F:Q,M:Q,F:Q,F:Q,,We are awesome? You are awesome. :-) ;,,,,,,,,,,,,,
1532960240,7/30/18 7:17,Davenport,F,M,3,,,,,,F:Q,M:Q,F:Q,F:Q,, ;,,,,,,,,,,,,,
1532960244,7/30/18 7:17,Davenport,F,M,3,,,,,,F:Q,M:Q,F:Q,F:Q,,Talk starts at 09:59 (scheduled 09:50) Talk ends at 10:12, Questions end 10:17. Davenport brought up this issue (Gender), so frequency for this talk might be affected ;,,,,,,,,,,,
1532960302,7/30/18 7:18,Davenport,F,M,3,,,,,,F:Q,M:Q,F:Q,, ;,,,,,,,,,,,,,,
1532960323,7/30/18 7:18,Davenport,F,M,3,,,,,,F:Q,M:Q,F:Q,F:Q,, ;,,,,,,,,,,,,,
1532960373,7/30/18 7:19,Davenport,F,M,3,,,,,,F:Q,M:Q,F:Q,F:Q,, ;,,,,,,,,,,,,,
1532962806,7/30/18 8:00,Davenport,F,M,3,,,,,,F:Q,M:Q,F:Q,F:Q,, ;,,,,,,,,,,,,,
1532964483,7/30/18 8:28,Davenport,F,M,3,,,,,,F:Q,M:Q,F:Q,F:Q,, ;,,,,,,,,,,,,,
1533129547,8/1/18 6:19,Dotson,F,F,23,,,,,,F:Q,F:Q,, ;,,,,,,,,,,,,,,,
1533129553,8/1/18 6:19,Dotson,F,F,23,,,,,,F:Q,F:Q,, ;,,,,,,,,,,,,,,,
1533129553,8/1/18 6:19,Dotson,,,23,,,,,,F:Q,, ;,,,,,,,,,,,,,,,,
1533129553,8/1/18 6:19,Dotson,F,F,23,,,,,,F:Q,F:Q,,both questions were asked by chair ;,,,,,,,,,,,,,,,
1533129555,8/1/18 6:19,Dotson,F,F,23,,,,,,F:Q,F:Q,,First female question was by the chair. Second question was also from the chair.  ;,,,,,,,,,,,,,,,
1533129555,8/1/18 6:19,Dotson,F,F,23,,,,,,F:Q,F:Q,,First question was from the session chair (asked about mission status of K2). Second question was also from the session chair after no-one put their hand to ask a question. ;,,,,,,,,,,,,,,,
1533129557,8/1/18 6:19,Dotson,F,F,23,,,,,,F:Q,F:Q,, ;,,,,,,,,,,,,,,,
1533129562,8/1/18 6:19,Dotson,F,F,23,,,,,,F:Q,F:Q,,Talk starts 09:05 Talk ends 09:16 Q/A ends 09:19 First & second question from female chair.  ;,,,,,,,,,,,,,,,
1533129567,8/1/18 6:19,Dotson,F,F,23,,,,,,F:Q,F:Q,,Questions were both from the chair.  ;,,,,,,,,,,,,,,,
1533129570,8/1/18 6:19,Dotson,F,F,23,,,,,,F:Q,F:Q,,Both questions were by the chair, no questions from audience. ;,,,,,,,,,,,,,,
1533130261,8/1/18 6:31,Dotson,F,F,23,,,,,,F:Q,F:Q,, ;,,,,,,,,,,,,,,,
1533130269,8/1/18 6:31,Dotson,F,F,23,,,,,,F:Q,F:Q,, ;,,,,,,,,,,,,,,,
1532977087,7/30/18 11:58,Douglas,M,F,,,,,,,F:Q,M:Q,M:Q,, ;,,,,,,,,,,,,,,
1532977088,7/30/18 11:58,Douglas,M,F,,,,,,,F:Q,M:Q,M:Q,, ;,,,,,,,,,,,,,,
1532977088,7/30/18 11:58,Douglas,M,F,,,,,,,F:Q,M:Q,M:Q,, ;,,,,,,,,,,,,,,
1532977097,7/30/18 11:58,Douglas,M,F,,,,,,,F:Q,M:Q,M:Q,, ;,,,,,,,,,,,,,,
1532977100,7/30/18 11:58,Douglas,M,F,,,,,,,F:Q,M:Q,M:Q,, ;,,,,,,,,,,,,,,
1532977105,7/30/18 11:58,Douglas,M,F,,,,,,,F:Q,M:Q,M:Q,, ;,,,,,,,,,,,,,,
1533073062,7/31/18 14:37,Doyle,F,F,0,,,,,,M:Q,M:Q,, ;,,,,,,,,,,,,,,,
1533073062,7/31/18 14:37,Doyle,F,F,0,,,,,,M:Q,M:Q,, ;,,,,,,,,,,,,,,,
1533073063,7/31/18 14:37,Doyle,F,F,0,,,,,,M:Q,M:Q,, ;,,,,,,,,,,,,,,,
1533073131,7/31/18 14:38,Doyle,F,F,0,,,,,,M:Q,M:Q,M:Q,,session conveners asked more questions in the second half of the splinter ;,,,,,,,,,,,,,,
1533073131,7/31/18 14:38,Doyle,F,F,0,,,,,,M:Q,M:Q,M:Q,, ;,,,,,,,,,,,,,,
1533073132,7/31/18 14:38,Doyle,F,F,0,,,,,,M:Q,M:Q,M:Q,, ;,,,,,,,,,,,,,,
1533073135,7/31/18 14:38,Doyle,F,F,0,,,,,,M:Q,M:Q,M:Q,, ;,,,,,,,,,,,,,,
1533073136,7/31/18 14:38,Doyle,F,F,0,,,,,,M:Q,M:Q,M:Q,, ;,,,,,,,,,,,,,,
1533073137,7/31/18 14:38,Doyle,F,F,0,,,,,,M:Q,M:Q,M:Q,,Talk starts 17:29 Talk ends 17:37 Q/A ends 17:39 ;,,,,,,,,,,,,,,
1533073145,7/31/18 14:39,Doyle,F,F,0,,,,,,M:Q,M:Q,M:Q,, ;,,,,,,,,,,,,,,
1533073162,7/31/18 14:39,Doyle,F,F,0,,,,,,M:Q,M:Q,M:Q,,Know Thy Starspot Splinter ;,,,,,,,,,,,,,,
1533068926,7/31/18 13:28,Drabek-Maunder,F,F,4,,,,,,M:Q,, ;,,,,,,,,,,,,,,,,
1533069005,7/31/18 13:30,Drabek-Maunder,F,F,4,,,,,,F:Q,, ;,,,,,,,,,,,,,,,,
1533069019,7/31/18 13:30,Drabek-Maunder,F,F,4,,,,,,F:C,, ;,,,,,,,,,,,,,,,,
1533069038,7/31/18 13:30,Drabek-Maunder,F,F,4,,,,,,M:Q,F:C,, ;,,,,,,,,,,,,,,,
1533069039,7/31/18 13:30,Drabek-Maunder,F,F,4,,,,,,M:Q,F:C,, ;,,,,,,,,,,,,,,,
1533069064,7/31/18 13:31,Drabek-Maunder,F,F,4,,,,,,M:Q,F:C,, ;,,,,,,,,,,,,,,,
1533069076,7/31/18 13:31,Drabek-Maunder,F,F,4,,,,,,M:Q,F:Q,, ;,,,,,,,,,,,,,,,
1533244078,8/2/18 14:07,Dumusque,M,M,6,,,,,,M:Q,F:Q,M:Q,M:Q,, ;,,,,,,,,,,,,,
1533244080,8/2/18 14:08,Dumusque,M,M,6,,,,,,M:Q,F:C,M:Q,M:C,, ;,,,,,,,,,,,,,
1533244084,8/2/18 14:08,Dumusque,M,M,6,,,,,,M:Q,F:Q,M:Q,M:Q,, ;,,,,,,,,,,,,,
1533244085,8/2/18 14:08,Dumusque,M,M,6,,,,,,M:Q,F:Q,M:Q,M:Q,M:Q,, ;,,,,,,,,,,,,
1533244086,8/2/18 14:08,Dumusque,M,M,6,,,,,,M:Q,F:Q,M:Q,M:Q,, ;,,,,,,,,,,,,,
1533244086,8/2/18 14:08,Dumusque,M,M,6,,,,,,M:Q,F:Q,M:Q,M:Q,, ;,,,,,,,,,,,,,
1533244092,8/2/18 14:08,Dumusque,M,M,6,,,,,,M:Q,F:Q,M:Q,M:Q,, ;,,,,,,,,,,,,,
1533052205,7/31/18 8:50,Egeland,M,M,1,,,,,,F:Q,M:Q,M:Q,M:Q,,2nd more of a comment, but did ask a question. Same for last question.  ;,,,,,,,,,,,,
1533052208,7/31/18 8:50,Egeland,M,M,1,,,,,,F:Q,M:Q,M:Q,M:Q,, ;,,,,,,,,,,,,,
1533052208,7/31/18 8:50,Egeland,M,M,1,,,,,,F:Q,M:C,M:Q,M:C,,First question also had a comment First male question came from the chair.  ;,,,,,,,,,,,,,
1533052210,7/31/18 8:50,Egeland,M,M,1,,,,,,F:Q,M:Q,M:Q,M:Q,, ;,,,,,,,,,,,,,
1533052210,7/31/18 8:50,Egeland,M,M,1,,,,,,F:Q,M:Q,M:Q,M:Q,,Third question was from the session chair ;,,,,,,,,,,,,,
1533052211,7/31/18 8:50,Egeland,M,M,1,,,,,,F:Q,M:Q,M:Q,M:Q,, ;,,,,,,,,,,,,,
1533052212,7/31/18 8:50,Egeland,M,M,1,,,,,,F:Q,M:Q,M:Q,M:Q,, ;,,,,,,,,,,,,,
1533052213,7/31/18 8:50,Egeland,M,M,1,,,,,,F:Q,M:Q,M:Q,M:Q,,Talk starts 11:33 Talk ends 11:45 Q/A ends 11:50 ;,,,,,,,,,,,,,
1533052215,7/31/18 8:50,Egeland,M,M,1,,,,,,F:Q,M:Q,M:Q,M:Q,, ;,,,,,,,,,,,,,
1533052216,7/31/18 8:50,Egeland,M,M,1,,,,,,F:Q,M:Q,M:Q,M:Q,, ;,,,,,,,,,,,,,
1533052248,7/31/18 8:50,Egeland,M,M,1,,,,,,F:Q,M:Q,M:Q,M:Q,,Chair asks a Q, too.  ;,,,,,,,,,,,,
1532975414,7/30/18 11:30,Esselstein,M,F,0,,,,,,M:Q,M:Q,M:C,,Do you have any comments on my comment? is not a question ;,,,,,,,,,,,,,,
1532975422,7/30/18 11:30,Esselstein,M,F,0,,,,,,M:Q,M:Q,M:C,,The first questioner asked a follow up question.  ;,,,,,,,,,,,,,,
1532975424,7/30/18 11:30,Esselstein,M,F,0,,,,,,M:Q,M:Q,M:C,,Now have a runner for microphones. ;,,,,,,,,,,,,,,
1532975429,7/30/18 11:30,Esselstein,M,F,0,,,,,,M:Q,M:Q,M:Q,M:C,M:Q,, ;,,,,,,,,,,,,
1532975432,7/30/18 11:30,Esselstein,,,0,,,,,,M:Q,M:Q,M:C,;,,,,,,,,,,,,,,,
1532975433,7/30/18 11:30,Esselstein,,,0,,,,,,M:Q,M:Q,M:Q,M:C,,first two Qs from same senior male scientist, 3rd Q came after some rambling," the C was an advertisement for that person's talk and they were forced to turn it into a ""Q"" ;",,,,,,,,,,,
1533065388,7/31/18 12:29,Evensberget,M,M,,,,,,,F:Q,M:C,M:Q,, ;,,,,,,,,,,,,,,
1533065388,7/31/18 12:29,Evensberget,M,M,,,,,,,F:Q,M:Q,, ;,,,,,,,,,,,,,,,
1533065388,7/31/18 12:29,Evensberget,M,M,,,,,,,F:Q,M:Q,, ;,,,,,,,,,,,,,,,
1533131386,8/1/18 6:49,Ezzeddine,F,F,3,,,,,,F:Q,M:Q,M:Q,, ;,,,,,,,,,,,,,,
1533131388,8/1/18 6:49,Ezzeddine,F,F,3,,,,,,F:Q,M:Q,M:Q,, ;,,,,,,,,,,,,,,
1533131389,8/1/18 6:49,Ezzeddine,F,F,3,,,,,,F:Q,M:Q,M:Q,, ;,,,,,,,,,,,,,,
1533131391,8/1/18 6:49,Ezzeddine,F,F,3,,,,,,F:Q,M:Q,M:Q,, ;,,,,,,,,,,,,,,
1533131392,8/1/18 6:49,Ezzeddine,F,F,3,,,,,,F:Q,M:Q,M:Q,M:Q,, ;,,,,,,,,,,,,,
1533131392,8/1/18 6:49,Ezzeddine,F,F,3,,,,,,F:Q,M:Q,M:Q,, ;,,,,,,,,,,,,,,
1533131393,8/1/18 6:49,Ezzeddine,F,F,3,,,,,,F:Q,M:Q,M:Q,, ;,,,,,,,,,,,,,,
1533131393,8/1/18 6:49,Ezzeddine,F,F,3,,,,,,F:Q,M:Q,M:Q,M:Q,, ;,,,,,,,,,,,,,
1533131394,8/1/18 6:49,Ezzeddine,F,F,3,,,,,,F:Q,M:Q,M:Q,, ;,,,,,,,,,,,,,,
1533131394,8/1/18 6:49,Ezzeddine,F,F,3,,,,,,M:Q,M:Q,,I missed the gender of the first question asker, so this starts from the second one on. ;,,,,,,,,,,,,,,
1533131395,8/1/18 6:49,Ezzeddine,F,F,3,,,,,,F:Q,M:Q,M:Q,, ;,,,,,,,,,,,,,,
1533131398,8/1/18 6:49,Ezzeddine,F,F,3,,,,,,F:Q,M:Q,M:Q,,Talk starts 09:36 Talk ends 09:45 Q/A ends 09:49 ;,,,,,,,,,,,,,,
1533131417,8/1/18 6:50,Ezzeddine,F,F,3,,,,,,F:Q,F:Q,M:Q,M:Q,M:Q,,Multiple questions from single persons. ;,,,,,,,,,,,,
1533131424,8/1/18 6:50,Ezzeddine,F,F,3,,,,,,F:Q,M:Q,M:Q,M:Q,, ;,,,,,,,,,,,,,
1533131439,8/1/18 6:50,Ezzeddine,F,F,3,,,,,,F:Q,M:Q,M:Q,, ;,,,,,,,,,,,,,,
1533225586,8/2/18 8:59,Forbrich,M,M,11,,,,,,F:Q,M:Q,F:Q,, ;,,,,,,,,,,,,,,
1533225590,8/2/18 8:59,Forbrich,M,M,11,,,,,,F:Q,M:Q,F:Q,, ;,,,,,,,,,,,,,,
1533225592,8/2/18 8:59,Forbrich,M,M,11,,,,,,F:Q,M:Q,F:Q,, ;,,,,,,,,,,,,,,
1533225593,8/2/18 8:59,Forbrich,M,M,11,,,,,,F:Q,F:Q,M:Q,F:Q,, ;,,,,,,,,,,,,,
1533225593,8/2/18 8:59,Forbrich,M,M,11,,,,,,F:Q,F:Q,M:Q,F:Q,, ;,,,,,,,,,,,,,
1533225595,8/2/18 8:59,Forbrich,M,M,11,,,,,,F:Q,F:Q,M:Q,F:Q,, ;,,,,,,,,,,,,,
1533225596,8/2/18 8:59,Forbrich,M,M,11,,,,,,F:Q,M:Q,F:Q,, ;,,,,,,,,,,,,,,
1533225600,8/2/18 9:00,Forbrich,M,M,11,,,,,,F:Q,M:Q,F:Q,, ;,,,,,,,,,,,,,,
1533225622,8/2/18 9:00,Forbrich,M,M,11,,,,,,F:Q,M:Q,, ;,,,,,,,,,,,,,,,
1533226193,8/2/18 9:09,Forbrich,M,M,11,,,,,,F:Q,M:Q,F:Q,, ;,,,,,,,,,,,,,,
1533234728,8/2/18 11:32,Foukal,M,M,49,,,,,,,,,No questions ;,,,,,,,,,,,,,,,
1533234743,8/2/18 11:32,Foukal,M,M,49,,,,,,,,,Chair asked briefly if there were any questions, nobody raised their hands, and so he ended Q&A rather quickly.  ;,,,,,,,,,,,,,
1533234747,8/2/18 11:32,Foukal,M,M,49,,,,,,,, ;,,,,,,,,,,,,,,,,
1533234754,8/2/18 11:32,Foukal,M,M,49,,,,,,,,,No questions asked.  ;,,,,,,,,,,,,,,,
1533234784,8/2/18 11:33,Foukal,M,M,49,,,,,,,,,No Qs - speaker went over time ;,,,,,,,,,,,,,,,
1533234807,8/2/18 11:33,Foukel,M,M,49,,,,,,,,,0 questions ;,,,,,,,,,,,,,,,
1532975285,7/30/18 11:28,Gagne,M,M,3,,,,,,M:Q,F:Q,M:Q,,i might have missed the last one ;,,,,,,,,,,,,,,
1532975314,7/30/18 11:28,Gagne,M,M,3,,,,,,M:Q,F:Q,M:Q,F:Q,, ;,,,,,,,,,,,,,
1532975564,7/30/18 11:32,Gagne,F,M,3,,,,,,M:Q,F:Q,M:Q,F:Q,,Talk starts 14:12 Talk ends 14:22 Q/A ends 14:27 ;,,,,,,,,,,,,,
1532975642,7/30/18 11:34,Gagne,M,M,3,,,,,,M:Q,F:Q,M:Q,F:Q,, ;,,,,,,,,,,,,,
1533071639,7/31/18 14:13,Garraffo,M,F,8,,,,,,M:Q,, ;,,,,,,,,,,,,,,,,
1533071656,7/31/18 14:14,Garraffo,M,F,8,,,,,,M:Q,,,Again, questions were cut off for time ;,,,,,,,,,,,,,,
1533068205,7/31/18 13:16,Giles,F,F,0,,,,,,M:Q,F:Q,M:C,M:C,F:Q,,Second comment, started as a really long comment, and after the person making it got interrupted by the session chair, he did eventually ask a question.  ;,,,,,,,,,
1533068211,7/31/18 13:16,Giles,F,F,0,,,,,,M:Q,F:Q,M:C, M:C,F:Q,,Comments both from senior male researchers. The second commenter actually turned away from the speaker to address the audience. The chair requested he turn the comment into a question.  ;,,,,,,,,,,,,
1533068213,7/31/18 13:16,Giles,F,F,0,,,,,,M:Q,F:Q,M:C,M:C,F:Q,,Talk starts 16:01 Talk ends 16:11 Q/A ends 16:16 2nd comment was mainly self-promotion taking time away from speaker, until prompted for an actual question by chair. Still labelling it as M:C. ;,,,,,,,,,,,
1533068217,7/31/18 13:16,Giles,F,F,0,,,,,,M:Q,F:Q,M:C,M:C,F:Q,,The second male comment (4th data point) had to be prompted by the chair to ask a question and not promote his own talk. ;,,,,,,,,,,,,
1533068221,7/31/18 13:17,Giles,F,F,0,,,,,,M:Q,F:Q,M:C,M:Q,F:Q,,4th person was also a comment until the chair intervened  ;,,,,,,,,,,,,
1533068244,7/31/18 13:17,Giles,F,F,0,,,,,,M:Q,F:Q,M:C,M:C,F:Q,,Fourth comment was railroaded into asking a question by the session chair (was initially just highlighting their own work) ;,,,,,,,,,,,,
1533068248,7/31/18 13:17,Giles,F,F,0,,,,,,M:Q,F:Q,M:C,M:C,F:Q,,#4 turned it into a Q, but started as a speech ;,,,,,,,,,,,
1533068305,7/31/18 13:18,Giles,F,F,0,,,,,,M:Q,F:Q,M:C,M:C,F:Q,,Know Thy Starspot Splinter ;,,,,,,,,,,,,
1532979575,7/30/18 12:39,Gillen,M,M,PD,,,,,,M:Q,, ;,,,,,,,,,,,,,,,,
1532982669,7/30/18 13:31,Gonzales,M,F,0,,,,,,M:Q,F:Q,M:C,, ;,,,,,,,,,,,,,,
1532982670,7/30/18 13:31,Gonzales,M,F,0,,,,,,M:Q,F:Q,M:C,, ;,,,,,,,,,,,,,,
1532982671,7/30/18 13:31,Gonzales,M,F,0,,,,,,M:Q,F:Q,M:C,,Talk starts 16:16 Talk ends  16:28 Q/A ends 16:31 ;,,,,,,,,,,,,,,
1532982766,7/30/18 13:32,Gonzales,M,F,0,,,,,,M:Q,F:Q,M:C,, ;,,,,,,,,,,,,,,
1532983261,7/30/18 13:41,Gonzales,F,M,0,,,,,,M:Q,F:Q,M:C, ;,,,,,,,,,,,,,,,
1533244603,8/2/18 14:16,Gonzales,F,F,0,,,,,,M:Q,F:Q,M:C,, ;,,,,,,,,,,,,,,
1533070301,7/31/18 13:51,Gosnell,F,F,,,,,,,M:Q,M:Q,F:Q,, ;,,,,,,,,,,,,,,
1533070305,7/31/18 13:51,Gosnell,F,F,,,,,,,M:Q,M:Q,F:Q,, ;,,,,,,,,,,,,,,
1533070306,7/31/18 13:51,Gosnell,F,F,,,,,,,M:Q,M:Q,F:Q,, ;,,,,,,,,,,,,,,
1533070310,7/31/18 13:51,Gosnell,F,F,,,,,,,M:Q,M:Q,F:Q,, ;,,,,,,,,,,,,,,
1533070315,7/31/18 13:51,Gosnell,,,,,,,,,M:Q,M:Q,F:Q,,Talk starts 16:41 Talk ends 16:48 Q/A ends 16:51 ;,,,,,,,,,,,,,,
1533070361,7/31/18 13:52,Gosnell,F,F,,,,,,,M:Q,M:Q,F:Q,,Know Thy Starspot Splinter ;,,,,,,,,,,,,,,
1533070498,7/31/18 13:54,Gosnell,F,F,,,,,,,M:Q,M:Q,F:Q,, ;,,,,,,,,,,,,,,
1533236460,8/2/18 12:01,Grant,M,M,,,,,,,M:Q,M:Q,M:Q,, ;,,,,,,,,,,,,,,
1532986703,7/30/18 14:38,Gyro Splinter Discussion,M,,,,,,,,M:Q,M:Q,M:C,M:Q,M:C,M:C,M:Q,M:Q,F:Q,M:Q,M:Q,M:Q,M:C,M:C,F:C,,Ran for 40 minutes, some repeated questioners, ~100 audience members ;
1533046454,7/31/18 7:14,Haywood,M,F,3,,,,,,M:Q,M:C,M:Q,,Talk starts 09:59 Talk ends 10:11 Q/A ends 10:14 ;,,,,,,,,,,,,,,
1533046455,7/31/18 7:14,Haywood,M,F,3,,,,,,M:Q,M:C,M:Q,, ;,,,,,,,,,,,,,,
1533046455,7/31/18 7:14,Haywood,M,F,3,,,,,,M:Q,M:C,M:C,, ;,,,,,,,,,,,,,,
1533046455,7/31/18 7:14,Haywood,M,F,3,,,,,,M:Q,M:C,M:Q,, ;,,,,,,,,,,,,,,
1533046456,7/31/18 7:14,Haywood,M,F,3,,,,,,M:Q,M:C,M:Q,,Second comment was a response to the first question  ;,,,,,,,,,,,,,,
1533046456,7/31/18 7:14,Haywood,M,F,3,,,,,,M:Q,M:C,M:Q,, ;,,,,,,,,,,,,,,
1533046456,7/31/18 7:14,Haywood,M,F,3,,,,,,M:Q,M:C,M:Q,, ;,,,,,,,,,,,,,,
1533046460,7/31/18 7:14,Haywood,M,F,3,,,,,,M:Q,M:C,M:C,, ;,,,,,,,,,,,,,,
1533046460,7/31/18 7:14,Haywood,M,F,3,,,,,,M:Q,M:C,M:C,, ;,,,,,,,,,,,,,,
1533046460,7/31/18 7:14,Haywood,M,F,3,,,,,,M:Q,M:C,M:Q,, ;,,,,,,,,,,,,,,
1533046461,7/31/18 7:14,Haywood,M,F,3,,,,,,M:Q,M:C,M:C,,first question was almost a comment. Second was a blatant comment and plug for their own talk.  ;,,,,,,,,,,,,,,
1533046462,7/31/18 7:14,Haywood,,,3,,,,,,M:Q,M:C,M:Q,, ;,,,,,,,,,,,,,,
1533046463,7/31/18 7:14,Haywood,M,F,3,,,,,,M:Q,M:C,M:C,, ;,,,,,,,,,,,,,,
1533046465,7/31/18 7:14,Haywood,M,F,3,,,,,,M:Q,M:C,M:Q,, ;,,,,,,,,,,,,,,
1533046481,7/31/18 7:14,Haywood,M,F,3,,,,,,M:Q,M:C,M:Q,, ;,,,,,,,,,,,,,,
1533046486,7/31/18 7:14,Haywood,M,F,3,,,,,,M:C,M:C,M:C,,Comment #2 was mainly self-promotion. ;,,,,,,,,,,,,,,
1533046523,7/31/18 7:15,Haywood,M,F,3,,,,,,M:Q,M:C,M:Q,, ;,,,,,,,,,,,,,,
1533128517,8/1/18 6:01,Hekker,F,F,11,,,,,,M:Q,M:Q,F:Q,M:Q,, ;,,,,,,,,,,,,,
1533128591,8/1/18 6:03,Hekker,F,F,11,,,,,,M:Q,M:Q,F:Q,M:Q,M:Q,, ;,,,,,,,,,,,,
1533128671,8/1/18 6:04,Hekker,F,F,11,,,,,,M:Q,M:Q,F:Q,M:Q,M:Q,, ;,,,,,,,,,,,,
1533128674,8/1/18 6:04,Hekker,F,F,11,,,,,,M:Q,M:Q,F:Q,M:Q,M:Q,, ;,,,,,,,,,,,,
1533128675,8/1/18 6:04,Hekker,F,F,11,,,,,,M:Q,F:Q,M:Q,M:Q,,Talk starts 08:32 Talk ends 08:57 Q/A ends 09:04 ;,,,,,,,,,,,,,
1533128675,8/1/18 6:04,Hekker,F,F,11,,,,,,M:Q,M:Q,F:Q,M:Q,M:Q,, ;,,,,,,,,,,,,
1533128676,8/1/18 6:04,Hekker,,,11,,,,,,M:Q,M:Q,F:Q,M:Q,M:Q,, ;,,,,,,,,,,,,
1533128677,8/1/18 6:04,Hekker,F,F,11,,,,,,M:Q,M:Q,F:Q,M:Q,M:Q,, ;,,,,,,,,,,,,
1533128677,8/1/18 6:04,Hekker,F,F,11,,,,,,M:Q,M:Q,F:Q,M:Q,M:Q,, ;,,,,,,,,,,,,
1533128677,8/1/18 6:04,Hekker,F,F,11,,,,,,M:Q,M:Q,F:Q,M:Q,M:Q,, ;,,,,,,,,,,,,
1533128683,8/1/18 6:04,Hekker,F,F,11,,,,,,M:Q,M:Q,F:Q,M:Q,M:Q,, ;,,,,,,,,,,,,
1533128690,8/1/18 6:04,Hekker,F,F,11,,,,,,M:Q,M:Q,F:Q,M:Q,M:Q,, ;,,,,,,,,,,,,
1533128691,8/1/18 6:04,Hekker,F,F,11,,,,,,M:Q,M:Q,F:Q,M:Q,M:Q,, ;,,,,,,,,,,,,
1533063176,7/31/18 11:52,Howard,F,M,0,,,,,,M:Q,, ;,,,,,,,,,,,,,,,,
1533063196,7/31/18 11:53,Howard,F,M,0,,,,,,M:Q,, ;,,,,,,,,,,,,,,,,
1533069706,7/31/18 13:41,Irina,M,F,,,,,,,F:Q,M:Q,, ;,,,,,,,,,,,,,,,
1533240607,8/2/18 13:10,Isik,M,M,10,,,,,,M:Q,, ;,,,,,,,,,,,,,,,,
1533240608,8/2/18 13:10,Isik,M,F,10,,,,,,M:Q,, ;,,,,,,,,,,,,,,,,
1533240609,8/2/18 13:10,Isik,M,M,10,,,,,,M:Q,, ;,,,,,,,,,,,,,,,,
1533240613,8/2/18 13:10,Isik,M,M,10,,,,,,M:Q,, ;,,,,,,,,,,,,,,,,
1533072516,7/31/18 14:28,Iwanek,F,M,,,,,,,M:Q,M:C,M:Q,,Chair requested a question from the commenter, they did not ask one.  ;,,,,,,,,,,,,,
1533072517,7/31/18 14:28,Iwanek,F,M,,,,,,,M:Q,M:C,M:Q,, ;,,,,,,,,,,,,,,
1533072518,7/31/18 14:28,Iwanek,F,M,,,,,,,M:C,M:C,M:Q,, ;,,,,,,,,,,,,,,
1533072523,7/31/18 14:28,Iwanek,F,M,,,,,,,M:Q,M:C,M:Q,,Commenter said “I like to answer questions” after their comment and the reminder to only ask questions. ;,,,,,,,,,,,,,,
1533072525,7/31/18 14:28,Iwanek,F,M,,,,,,,M:Q,M:C,M:Q,,Talk starts 17:18 Talk ends 17:25 Q/A ends 17:28 ;,,,,,,,,,,,,,,
1533072536,7/31/18 14:28,Iwanek,F,M,,,,,,,M:Q,M:C,M:Q,,The speaker did ask the audience about something ;,,,,,,,,,,,,,,
1533072539,7/31/18 14:28,Iwanek,F,M,,,,,,,M:C,M:C,M:Q,,Speaker asked for help interpreting some data, so comments were short and reasonable ;,,,,,,,,,,,,,
1533072541,7/31/18 14:29,Iwanek,F,M,,,,,,,M:C,M:C,M:Q,, ;,,,,,,,,,,,,,,
1533072558,7/31/18 14:29,Iwanek,F,M,,,,,,,M:Q,M:C,M:Q,,Know Thy Starspot Splinter ;,,,,,,,,,,,,,,
1532984559,7/30/18 14:02,Janes,M,M,SR,,,,,,M:C,M:Q,M:Q,M:Q,M:Q,, ;,,,,,,,,,,,,
1532984564,7/30/18 14:02,Janes,M,M,SR,,,,,,M:C,M:Q,M:Q,M:Q,M:Q,, ;,,,,,,,,,,,,
1532984564,7/30/18 14:02,Janes,M,M,SR,,,,,,M:C,M:Q,M:Q,M:Q,M:Q,,Chair asks and answers Qs, too. ;,,,,,,,,,,,
1532984565,7/30/18 14:02,Janes,M,M,SR,,,,,,M:Q,M:Q,M:Q,M:Q,M:Q,, ;,,,,,,,,,,,,
1532984565,7/30/18 14:02,Janes,M,M,SR,,,,,,M:Q,M:Q,M:Q,M:Q,M:Q,, ;,,,,,,,,,,,,
1533060977,7/31/18 11:16,Jardine,F,F,SR,,,,,,M:Q,M:Q,, ;,,,,,,,,,,,,,,,
1533063253,7/31/18 11:54,Jarvinen,M,F,9,,,,,,M:Q,,,Btw, In this Starspot session the audience was reminded that junior people etc should be allowed to ask Qs first ;,,,,,,,,,,,,,,
1533063297,7/31/18 11:54,Jarvinen,M,F,9,,,,,,M:Q,, ;,,,,,,,,,,,,,,,,
1533063411,7/31/18 11:56,Jarvinen,M,F,9,,,,,,M:Q,M:Q,M:Q,, ;,,,,,,,,,,,,,,
1533063412,7/31/18 11:56,Jarvinen,M,F,9,,,,,,M:Q,M:Q,M:Q,,Know Thy Starspot ;,,,,,,,,,,,,,,
1533063413,7/31/18 11:56,Jarvinen,M,F,9,,,,,,M:Q,M:Q,M:Q,, ;,,,,,,,,,,,,,,
1533063414,7/31/18 11:56,Jarvinen,M,F,9,,,,,,M:Q,M:Q,M:Q,, ;,,,,,,,,,,,,,,
1533063419,7/31/18 11:56,Jarvinen,M,F,9,,,,,,M:Q,M:Q,M:Q,, ;,,,,,,,,,,,,,,
1533063420,7/31/18 11:57,Jarvinen,M,F,9,,,,,,M:Q,M:Q,M:Q,,Talk starts 14:46 Talk ends 14:53 Q/A ends 14:56 ;,,,,,,,,,,,,,,
1533063423,7/31/18 11:57,Jarvinen,M,F,9,,,,,,M:Q,M:Q,M:Q,, ;,,,,,,,,,,,,,,
1533063387,7/31/18 11:56,Jarvinen ,M,F,9,,,,,,M:Q,, ;,,,,,,,,,,,,,,,,
1533141394,8/1/18 9:36,Jeffries,M,M,27,,,,,,F:Q,M:Q,M:Q,M:Q,F:Q,, ;,,,,,,,,,,,,
1533141399,8/1/18 9:36,Jeffries,M,M,27,,,,,,F:Q,M:Q,M:Q,M:Q,F:Q,, ;,,,,,,,,,,,,
1533141403,8/1/18 9:36,Jeffries,M,M,27,,,,,,F:Q,M:Q,M:Q,M:Q,F:Q,, ;,,,,,,,,,,,,
1533141404,8/1/18 9:36,Jeffries,M,M,27,,,,,,F:Q,M:Q,M:Q,F:Q,, ;,,,,,,,,,,,,,
1533141407,8/1/18 9:36,Jeffries,M,M,27,,,,,,M:Q,M:Q,F:Q,, ;,,,,,,,,,,,,,,
1533141407,8/1/18 9:36,Jeffries,M,M,27,,,,,,F:Q,M:Q,M:Q,F:Q,, ;,,,,,,,,,,,,,
1533141408,8/1/18 9:36,Jeffries,M,M,27,,,,,,F:Q,M:Q,M:Q,M:Q,F:Q,, ;,,,,,,,,,,,,
1533141425,8/1/18 9:37,Jeffries,M,M,27,,,,,,F:Q,M:Q,M:Q,F:Q,, ;,,,,,,,,,,,,,
1533141573,8/1/18 9:39,Jeffries,M,M,27,,,,,,M:Q,M:Q,M:Q,M:Q,F:Q,, ;,,,,,,,,,,,,
1533238609,8/2/18 12:36,Kastner,M,M,28,,,,,,F:Q,, ;,,,,,,,,,,,,,,,,
1533238619,8/2/18 12:36,Kastner,M,M,28,,,,,,F:Q,, ;,,,,,,,,,,,,,,,,
1533238681,8/2/18 12:38,Kastner,M,M,28,,,,,,F:Q,M:Q,, ;,,,,,,,,,,,,,,,
1533238682,8/2/18 12:38,Kastner,M,M,28,,,,,,F:Q,M:Q,, ;,,,,,,,,,,,,,,,
1533238682,8/2/18 12:38,Kastner,M,M,28,,,,,,F:Q,M:Q,, ;,,,,,,,,,,,,,,,
1533238684,8/2/18 12:38,Kastner,M,M,28,,,,,,F:Q,M:Q,, ;,,,,,,,,,,,,,,,
1533240298,8/2/18 13:04,Kastner,M,M,28,,,,,,F:Q,M:Q,, ;,,,,,,,,,,,,,,,
1533241942,8/2/18 13:32,Kastner,,,28,,,,,,, ;,,,,,,,,,,,,,,,,,
1533069582,7/31/18 13:39,Kesseli,F,F,0,,,,,,M:Q,M:Q,F:Q,F:Q,, ;,,,,,,,,,,,,,
1533069612,7/31/18 13:40,Kesseli,F,F,0,,,,,,M:Q,M:Q,F:Q,F:Q,, ;,,,,,,,,,,,,,
1533069615,7/31/18 13:40,Kesseli,F,F,0,,,,,,M:Q,M:Q,F:Q,F:Q,, ;,,,,,,,,,,,,,
1533069618,7/31/18 13:40,Kesseli,F,F,0,,,,,,M:Q,M:Q,F:Q,F:Q,,Talk starts 16:29 Talk ends 16:36 Q/A ends 16:40 ;,,,,,,,,,,,,,
1533069619,7/31/18 13:40,Kesseli,F,F,0,,,,,,M:Q,M:Q,F:Q,F:Q,,Know Thy Starspot Splinter ;,,,,,,,,,,,,,
1533069619,7/31/18 13:40,Kesseli,F,F,0,,,,,,M:Q,M:Q,F:Q,F:Q,, ;,,,,,,,,,,,,,
1533069625,7/31/18 13:40,Kesseli,F,F,0,,,,,,M:Q,M:Q,F:Q,F:Q,,Second question was rather unclear, speaker ended up deferring it to discuss it afterwards ;,,,,,,,,,,,,
1532984434,7/30/18 14:00,Kiman,M,F,0,,,,,,F:Q,M:Q,M:Q,F:Q,, ;,,,,,,,,,,,,,
1532984435,7/30/18 14:00,Kiman,M,F,0,,,,,,F:Q,M:Q,M:Q,F:Q,, ;,,,,,,,,,,,,,
1532984435,7/30/18 14:00,Kiman,M,F,0,,,,,,F:Q,M:Q,M:Q,F:Q,, ;,,,,,,,,,,,,,
1532984436,7/30/18 14:00,Kiman,F,M,0,,,,,,F:Q,M:Q,M:Q,F:Q,, ;,,,,,,,,,,,,,
1532984438,7/30/18 14:00,Kiman,M,F,0,,,,,,F:Q,M:Q,M:Q,F:Q,, ;,,,,,,,,,,,,,
1532984440,7/30/18 14:00,Kiman,M,F,0,,,,,,F:Q,M:Q,M:Q,F:Q,,CS20 Gaia splinter ;,,,,,,,,,,,,,
1532984443,7/30/18 14:00,Kiman,M,F,0,,,,,,F:Q,M:Q,M:Q,F:Q,,Talk starts 16:46 Talk ends  16:56 Q/A ends 17:00 ;,,,,,,,,,,,,,
1533241380,8/2/18 13:23,Kostogryz ,M,F,PD,,,,,,M:Q,M:Q,F:Q,, ;,,,,,,,,,,,,,,
1533241381,8/2/18 13:23,Kostogryz ,M,F,PD,,,,,,M:Q,M:Q,F:Q,, ;,,,,,,,,,,,,,,
1533241384,8/2/18 13:23,Kostogryz ,M,F,PD,,,,,,M:Q,M:Q,F:Q,, ;,,,,,,,,,,,,,,
1532966765,7/30/18 9:06,Kounkel,F,F,1,,,,,,M:Q,F:Q,F:Q,F:Q,F:Q,M:Q,,Fourth question from the chair. ;,,,,,,,,,,,
1532966765,7/30/18 9:06,Kounkel,F,F,1,,,,,,M:Q,F:Q,F:Q,F:Q,F:Q,M:Q,,Chair (Female) asked 4th question. ;,,,,,,,,,,,
1532966766,7/30/18 9:06,Kounkel,F,F,1,,,,,,M:Q,F:Q,F:Q,F:Q,F:Q,M:Q,, ;,,,,,,,,,,,
1532966773,7/30/18 9:06,Kounkel,F,F,1,,,,,,M:Q,F:Q,F:Q,F:Q,F:Q,M:Q,, ;,,,,,,,,,,,
1532966774,7/30/18 9:06,Kounkel,F,F,1,,,,,,M:Q,F:Q,F:Q,F:Q,F:Q,M:Q,,4th question was from the session chair. ;,,,,,,,,,,,
1532966778,7/30/18 9:06,Kounkel,F,F,1,,,,,,M:Q,F:Q,F:Q,M:Q,M:Q,,Talk starts 11:50 Talk ends 12:01 Q/A ends 12:06 3rd question by female chair.  ;,,,,,,,,,,,,
1532966783,7/30/18 9:06,Kounkel,F,F,1,,,,,,M:Q,F:Q,F:Q,F:Q,F:Q,M:Q,, ;,,,,,,,,,,,
1532966793,7/30/18 9:06,Kounkel,F,F,1,,,,,,M:Q,F:Q,F:Q,F:Q,M:Q,, ;,,,,,,,,,,,,
1532966798,7/30/18 9:06,Kounkel,F,F,1,,,,,,M:Q,F:Q,F:Q,F:Q,F:Q,M:Q,, ;,,,,,,,,,,,
1532967144,7/30/18 9:12,Kounkel,F,F,1,,,,,,M:Q,F:Q,F:Q,F:Q,F:Q,M:Q,, ;,,,,,,,,,,,
1532967527,7/30/18 9:18,Kounkel,F,F,1,,,,,,M:Q,F:Q,F:Q,M:Q, ;,,,,,,,,,,,,,,
1533243277,8/2/18 13:54,Kuhn,M,M,37,,,,,,M:Q,M:Q,M:C,M:Q,M:C,M:Q,,This was a 13 minute talk with 4 minutes for questions as part of the DKIST splinter at Cool Stars 20. ;,,,,,,,,,,,
1532983187,7/30/18 13:39,Lanzafame,M,M,34,,,,,,M:Q,, ;,,,,,,,,,,,,,,,,
1532983187,7/30/18 13:39,Lanzafame,M,M,34,,,,,,M:Q,, ;,,,,,,,,,,,,,,,,
1532983188,7/30/18 13:39,Lanzafame,M,M,34,,,,,,M:Q,,,Now have 3 microphones in splinter session but still only one runner. People on the sides are asked to go up to the microphones now. Only time for one question says chair. ;,,,,,,,,,,,,,,,
1532983224,7/30/18 13:40,Lanzafame,M,M,34,,,,,,M:Q,, ;,,,,,,,,,,,,,,,,
1532983227,7/30/18 13:40,Lanzafame,M,M,34,,,,,,M:Q,, ;,,,,,,,,,,,,,,,,
1533064026,7/31/18 12:07,Lehmann,M,F,0?,,,,,,M:Q,, ;,,,,,,,,,,,,,,,,
1533064104,7/31/18 12:08,Lehmann,M,F,0?,,,,,,M:Q,, ;,,,,,,,,,,,,,,,,
1533064148,7/31/18 12:09,Lehmann,M,F,0?,,,,,,M:Q,M:Q,, ;,,,,,,,,,,,,,,,
1533064150,7/31/18 12:09,Lehmann,M,F,0?,,,,,,M:Q,M:Q,, ;,,,,,,,,,,,,,,,
1533064151,7/31/18 12:09,Lehmann,M,F,0?,,,,,,M:Q,, ;,,,,,,,,,,,,,,,,
1533064161,7/31/18 12:09,Lehmann,M,F,0?,,,,,,M:Q,M:Q,, ;,,,,,,,,,,,,,,,
1533064188,7/31/18 12:09,Lehmann,M,F,0?,,,,,,M:Q,M:Q,, ;,,,,,,,,,,,,,,,
1533064189,7/31/18 12:09,Lehmann,M,F,0?,,,,,,M:Q,M:Q,,Talk starts 14:57 Talk ends 15:06 Q/A ends 15:08 ;,,,,,,,,,,,,,,,
1533064191,7/31/18 12:09,Lehmann,M,F,0?,,,,,,M:Q,M:Q,,Know Thy Starspot Splinter ;,,,,,,,,,,,,,,,
1533064778,7/31/18 12:19,Lehtinen,M,M,2,,,,,,M:Q,, ;,,,,,,,,,,,,,,,,
1533064828,7/31/18 12:20,Lehtinen,M,M,2,,,,,,M:Q,, ;,,,,,,,,,,,,,,,,
1533064873,7/31/18 12:21,Lehtinen,M,M,2,,,,,,M:Q,M:Q,, ;,,,,,,,,,,,,,,,
1533064873,7/31/18 12:21,Lehtinen,M,M,2,,,,,,M:Q,M:Q,, ;,,,,,,,,,,,,,,,
1533064875,7/31/18 12:21,Lehtinen,M,M,2,,,,,,M:Q,M:Q,, ;,,,,,,,,,,,,,,,
1533064877,7/31/18 12:21,Lehtinen,M,M,2,,,,,,M:Q,M:Q,, ;,,,,,,,,,,,,,,,
1533064878,7/31/18 12:21,Lehtinen,M,M,2,,,,,,M:Q,M:Q,, ;,,,,,,,,,,,,,,,
1533064879,7/31/18 12:21,Lehtinen,M,M,2,,,,,,M:Q,M:Q,, ;,,,,,,,,,,,,,,,
1533064880,7/31/18 12:21,Lehtinen,M,M,2,,,,,,M:Q,M:Q,,Talk starts 15:09 Talk ends 15:18 Q/A ends 15:21 ;,,,,,,,,,,,,,,,
1533064880,7/31/18 12:21,Lehtinen,M,M,2,,,,,,M:Q,M:Q,, ;,,,,,,,,,,,,,,,
1533064881,7/31/18 12:21,Lehtinen,M,M,2,,,,,,M:Q,M:Q,,Know Thy Starspot Splinter ;,,,,,,,,,,,,,,,
1533064898,7/31/18 12:21,Lehtinen,M,M,2,,,,,,M:Q,M:Q,,#2 was by mic runner? ;,,,,,,,,,,,,,,,
1532976097,7/30/18 11:41,Lepine,F,M,SR,,,,,,M:Q,M:Q,M:Q,,Both male and Female chairs  ;,,,,,,,,,,,,,,
1532976101,7/30/18 11:41,Lepine,F,M,SR,,,,,,M:Q,M:Q,M:Q,,Talk starts 14:27 Talk ends 14:38 Q/A ends 14:41 ;,,,,,,,,,,,,,,
1532976108,7/30/18 11:41,Lepine,M,M,SR,,,,,,M:Q,M:Q,M:Q,, ;,,,,,,,,,,,,,,
1533138223,8/1/18 8:43,Liu,M,M,2,,,,,,F:Q,F:Q,F:Q,, ;,,,,,,,,,,,,,,
1533138231,8/1/18 8:43,Liu,M,M,2,,,,,,F:Q,F:Q,F:Q,, ;,,,,,,,,,,,,,,
1533138233,8/1/18 8:43,Liu,M,M,2,,,,,,F:Q,F:Q,F:Q,,Talk starts 11:29 Talk ends 11:40 Q/A ends 11:43 ;,,,,,,,,,,,,,,
1533138234,8/1/18 8:43,Liu,M,M,2,,,,,,F:Q,F:Q,F:Q,, ;,,,,,,,,,,,,,,
1533138234,8/1/18 8:43,Liu,M,M,2,,,,,,F:Q,F:Q,F:Q,, ;,,,,,,,,,,,,,,
1533138236,8/1/18 8:43,Liu,M,M,2,,,,,,F:Q,F:Q,F:Q,, ;,,,,,,,,,,,,,,
1533138239,8/1/18 8:43,Liu,,,2,,,,,,F:Q,F:Q,F:Q,, ;,,,,,,,,,,,,,,
1533138240,8/1/18 8:44,Liu,M,M,2,,,,,,F:Q,F:Q,, ;,,,,,,,,,,,,,,,
1533138241,8/1/18 8:44,Liu,M,M,2,,,,,,F:Q,F:Q,F:Q,, ;,,,,,,,,,,,,,,
1533138862,8/1/18 8:54,Liu,M,M,2,,,,,,F:Q,F:Q,F:Q,, ;,,,,,,,,,,,,,,
1533243181,8/2/18 13:53,Llama,M,M,4,,,,,,M:Q,M:Q,M:Q,M:Q,M:Q,, ;,,,,,,,,,,,,
1533243182,8/2/18 13:53,Llama,M,M,4,,,,,,M:Q,M:Q,M:Q,M:Q,M:Q,, ;,,,,,,,,,,,,
1533243185,8/2/18 13:53,Llama,M,M,4,,,,,,M:Q,M:Q,M:Q,M:Q,M:Q,, ;,,,,,,,,,,,,
1533243188,8/2/18 13:53,Llama,M,M,4,,,,,,M:Q,M:Q,M:Q,M:Q,M:Q,, ;,,,,,,,,,,,,
1533243191,8/2/18 13:53,Llama,M,M,4,,,,,,M:Q,M:Q,M:Q,M:Q,M:Q,, ;,,,,,,,,,,,,
1533243194,8/2/18 13:53,Llama,M,M,4,,,,,,M:Q,M:Q,M:Q,M:Q,, ;,,,,,,,,,,,,,
1533237712,8/2/18 12:21,Lodieu,M,M,14,,,,,,M:Q,M:Q,, ;,,,,,,,,,,,,,,,
1533237715,8/2/18 12:21,Lodieu,M,M,14,,,,,,M:Q,, ;,,,,,,,,,,,,,,,,
1533237716,8/2/18 12:21,Lodieu,M,M,14,,,,,,M:Q,, ;,,,,,,,,,,,,,,,,
1533237718,8/2/18 12:21,Lodieu,M,M,14,,,,,,M:Q,, ;,,,,,,,,,,,,,,,,
1533237719,8/2/18 12:21,Lodieu,M,M,14,,,,,,M:Q,, ;,,,,,,,,,,,,,,,,
1533237721,8/2/18 12:22,Lodieu,M,M,14,,,,,,M:Q,M:Q,, ;,,,,,,,,,,,,,,,
1533237797,8/2/18 12:23,Lodieu,M,M,14,,,,,,, ;,,,,,,,,,,,,,,,,,
1533142368,8/1/18 9:52,Lorenzo-Oliveira,M,M,PD,,,,,,M:Q,M:Q,, ;,,,,,,,,,,,,,,,
1533142369,8/1/18 9:52,Lorenzo-Oliveira,M,M,PD,,,,,,M:Q,M:Q,, ;,,,,,,,,,,,,,,,
1533142374,8/1/18 9:52,Lorenzo-Oliveira,M,M,PD,,,,,,M:Q,M:Q,, ;,,,,,,,,,,,,,,,
1533142375,8/1/18 9:52,Lorenzo-Oliveira,M,,PD,,,,,,M:Q,M:Q,, ;,,,,,,,,,,,,,,,
1533142377,8/1/18 9:52,Lorenzo-Oliveira,M,M,PD,,,,,,M:Q,M:Q, ;,,,,,,,,,,,,,,,,
1533142386,8/1/18 9:53,Lorenzo-Oliveira,M,M,PD,,,,,,M:Q,M:Q,, ;,,,,,,,,,,,,,,,
1533312715,8/3/18 9:11,Luhn,F,M,0,,,,,,F:Q,M:Q,F:C,M:C,,Comment by chair ;,,,,,,,,,,,,,
1533312716,8/3/18 9:11,Luhn,F,M,0,,,,,,F:Q,M:Q,F:C,M:C,, ;,,,,,,,,,,,,,
1533312717,8/3/18 9:11,Luhn,F,M,0,,,,,,F:Q,M:Q,M:C,, ;,,,,,,,,,,,,,,
1533312719,8/3/18 9:11,Luhn,F,M,0,,,,,,F:Q,M:Q,F:C,M:C,, ;,,,,,,,,,,,,,
1533312721,8/3/18 9:12,Luhn,F,M,0,,,,,,F:Q,M:Q,M:C,, ;,,,,,,,,,,,,,,
1533312722,8/3/18 9:12,Luhn,F,M,0,,,,,,F:Q,M:Q,F:C,M:C,, ;,,,,,,,,,,,,,
1533312725,8/3/18 9:12,Luhn,F,M,0,,,,,,F:Q,M:Q,F:C,M:C,, ;,,,,,,,,,,,,,
1533312727,8/3/18 9:12,Luhn,F,M,0,,,,,,F:Q,M:Q,M:C,, ;,,,,,,,,,,,,,,
1533312729,8/3/18 9:12,Luhn,F,M,0,,,,,,F:Q,M:Q,M:C,, ;,,,,,,,,,,,,,,
1533313562,8/3/18 9:26,Luhn,F,M,0,,,,,,F:Q,M:Q,M:C,,Speaker is a graduate student  ;,,,,,,,,,,,,,,
1533224710,8/2/18 8:45,MacGregor,M,F,1,,,,,,M:Q,M:C,M:Q,M:Q,, ;,,,,,,,,,,,,,
1533224715,8/2/18 8:45,MacGregor,M,F,1,,,,,,M:Q,M:Q,M:Q,, ;,,,,,,,,,,,,,,
1533224716,8/2/18 8:45,MacGregor,M,F,1,,,,,,M:Q,M:Q,M:Q,, ;,,,,,,,,,,,,,,
1533224717,8/2/18 8:45,MacGregor,M,F,1,,,,,,M:Q,M:Q,M:Q,, ;,,,,,,,,,,,,,,
1533224719,8/2/18 8:45,MacGregor,M,F,1,,,,,,M:Q,M:Q,M:Q,, ;,,,,,,,,,,,,,,
1533224724,8/2/18 8:45,MacGregor,M,F,1,,,,,,M:Q,M:Q,M:Q,, ;,,,,,,,,,,,,,,
1533224764,8/2/18 8:46,MacGregor,M,F,1,,,,,,M:Q,M:Q,, ;,,,,,,,,,,,,,,,
1533224764,8/2/18 8:46,MacGregor,M,F,1,,,,,,M:Q,M:Q,M:Q,, ;,,,,,,,,,,,,,,
1533224777,8/2/18 8:46,MacGregor,M,F,1,,,,,,M:Q,M:Q,M:Q,, ;,,,,,,,,,,,,,,
1533224787,8/2/18 8:46,MacGregor,M,F,1,,,,,,M:Q,M:Q,M:Q,, ;,,,,,,,,,,,,,,
1533224803,8/2/18 8:46,MacGregor,M,F,1,,,,,,M:Q,M:Q,M:Q,, ;,,,,,,,,,,,,,,
1533225047,8/2/18 8:50,MacGregor,M,F,1,,,,,,M:Q,M:Q,M:Q,, ;,,,,,,,,,,,,,,
1533069706,7/31/18 13:41,Mansour,M,F,PD (Kitiashvili),,,,,,F:Q,M:Q,, ;,,,,,,,,,,,,,,,
1533069718,7/31/18 13:41,Mansour,M,F,PD (Kitiashvili),,,,,,F:Q,M:Q,,I missed the beginning of the talk but I think the original speaker (Nagi) couldn't make it and was replaced by Irina Kitiashvili who is female. ;,,,,,,,,,,,,,,,
1533310131,8/3/18 8:28,Marley,F,M,28,,,,,,M:Q,M:C,F:Q,F:Q,M:Q,M:Q,M:Q,, ;,,,,,,,,,,
1533310138,8/3/18 8:28,Marley,F,M,28,,,,,,M:Q,M:C,F:Q,M:Q,M:Q,M:Q,,Chair was quietly reminded by a member of SOC to instruct audience for questions during the first comment.  ;,,,,,,,,,,,
1533310138,8/3/18 8:28,Marley,F,M,28,,,,,,M:Q,M:C,F:Q,F:Q,M:Q,M:Q,M:Q,, ;,,,,,,,,,,
1533310139,8/3/18 8:28,Marley,F,M,28,,,,,,M:Q,M:C,F:Q,F:Q,M:Q,M:Q,M:Q,, ;,,,,,,,,,,
1533310140,8/3/18 8:29,Marley,F,M,28,,,,,,M:Q,M:Q,F:Q,F:Q,M:Q,M:Q,M:Q,, ;,,,,,,,,,,
1533310140,8/3/18 8:29,Marley,F,M,28,,,,,,M:Q,M:C,F:Q,F:Q,M:Q,M:Q,M:Q,, ;,,,,,,,,,,
1533310144,8/3/18 8:29,Marley,F,M,28,,,,,,M:Q,M:C,F:Q,F:Q,M:Q,M:Q,M:Q,, ;,,,,,,,,,,
1533310149,8/3/18 8:29,Marley,F,M,28,,,,,,M:Q,M:C,F:Q,F:Q,M:Q,M:Q,M:Q,, ;,,,,,,,,,,
1533310167,8/3/18 8:29,Marley,F,M,28,,,,,,M:C,F:Q,M:Q,,"can we ban ""nice talk""? sometimes it comes across as patronizing ;",,,,,,,,,,,,,,
1533310169,8/3/18 8:29,Marley,F,M,28,,,,,,M:Q,M:C,F:Q,F:Q,M:Q,M:Q,M:Q,,Talk starts 10:58 Talk ends 11:20 Q/A ends 11:26 Commenter was prompted by chair for a question, ending the comment ;,,,,,,,,,
1533310220,8/3/18 8:30,Marley,F,M,28,,,,,,M:Q,M:C,F:Q,F:Q,M:Q,M:Q,, ;,,,,,,,,,,,
1533310968,8/3/18 8:42,Marley,F,M,28,,,,,,M:Q,M:C,F:Q,F:Q,M:Q,M:Q,M:Q,, ;,,,,,,,,,,
1532981732,7/30/18 13:15,Marocco,M,M,4,,,,,,F:C,M:Q,M:Q,,CS20 Gaia Splinter ;,,,,,,,,,,,,,,
1532981746,7/30/18 13:15,Marocco,M,M,4,,,,,,F:C,M:Q,M:Q,,Talk starts 16:03 Talk ends 16:13 Q/A ends 16:15 ;,,,,,,,,,,,,,,
1532981760,7/30/18 13:16,Marocco,M,M,4,,,,,,F:C,M:Q,M:Q,, ;,,,,,,,,,,,,,,
1532981767,7/30/18 13:16,Marocco,M,M,4,,,,,,F:C,M:Q,M:Q,, ;,,,,,,,,,,,,,,
1532981769,7/30/18 13:16,Marocco,F,M,4,,,,,,F:C,M:Q,M:Q,, ;,,,,,,,,,,,,,,
1532981830,7/30/18 13:17,Marocco,M,M,4,,,,,,F:C,M:Q,M:Q,, ;,,,,,,,,,,,,,,
1533234378,8/2/18 11:26,Martinez-Pillet,M,M,26,,,,,,M:Q,M:Q,, ;,,,,,,,,,,,,,,,
1533216934,8/2/18 6:35,Mason,M,M,2,,,,,,F:Q,F:Q,F:Q,, ;,,,,,,,,,,,,,,
1533216938,8/2/18 6:35,Mason,M,M,2,,,,,,F:Q,F:Q,F:Q,F:Q,, ;,,,,,,,,,,,,,
1533216938,8/2/18 6:35,Mason,M,M,2,,,,,,F:Q,F:Q,F:Q,, ;,,,,,,,,,,,,,,
1533216939,8/2/18 6:35,Mason,M,M,2,,,,,,F:Q,F:Q,, ;,,,,,,,,,,,,,,,
1533216939,8/2/18 6:35,Mason,M,M,2,,,,,,F:Q,F:Q,F:Q,, ;,,,,,,,,,,,,,,
1533216940,8/2/18 6:35,Mason,M,M,2,,,,,,F:Q,F:Q,F:Q,, ;,,,,,,,,,,,,,,
1533216947,8/2/18 6:35,Mason,M,M,2,,,,,,M:Q,F:Q,F:Q,F:Q,F:Q,, ;,,,,,,,,,,,,
1533216957,8/2/18 6:35,Mason,M,M,2,,,,,,F:Q,F:Q,F:Q,, ;,,,,,,,,,,,,,,
1533216964,8/2/18 6:36,Mason,M,M,2,,,,,,F:Q,F:Q,F:Q,,Third questioner asked two questions (did not include both in the above) ;,,,,,,,,,,,,,,
1533241924,8/2/18 13:32,Mathur,M,F,31,,,,,,, ;,,,,,,,,,,,,,,,,,
1533241928,8/2/18 13:32,Mathur,M,F,31,,,,,,, ;,,,,,,,,,,,,,,,,,
1533241929,8/2/18 13:32,Mathur,M,F,31,,,,,,,,,No questions. ;,,,,,,,,,,,,,,,
1533242043,8/2/18 13:34,Mathur,M,F,31,,,,,,,,,No questions asked. Chair pressed for questions, but still none.  ;,,,,,,,,,,,,,,
1533132180,8/1/18 7:03,Matsuno,F,M,,,,,,,F:Q,F:Q,F:Q,, ;,,,,,,,,,,,,,,
1533132187,8/1/18 7:03,Matsuno,F,M,,,,,,,F:Q,F:Q,F:Q,,Third question was from the session chair ;,,,,,,,,,,,,,,
1533132215,8/1/18 7:03,Matsuno,F,M,,,,,,,F:Q,F:Q,F:Q,,Speaker is a graduate student. Last question was from chair.  ;,,,,,,,,,,,,,,
1533132215,8/1/18 7:03,Matsuno,F,M,,,,,,,F:Q,F:Q,F:Q,,3rd Question by chair. ;,,,,,,,,,,,,,,
1533132215,8/1/18 7:03,Matsuno,F,M,,,,,,,F:Q,F:Q,F:Q,, ;,,,,,,,,,,,,,,
1533132216,8/1/18 7:03,Matsuno,F,M,,,,,,,F:Q,F:Q,F:Q,F:Q,F:Q,,first three questions were asked by the same person ;,,,,,,,,,,,,
1533132216,8/1/18 7:03,Matsuno,F,M,,,,,,,F:Q,F:Q,F:Q,,Talk starts 09:50 Talk ends 10:00 Q/A ends 10:02 Last question by female chair ;,,,,,,,,,,,,,,
1533132391,8/1/18 7:06,Matsuno,F,M,,,,,,,F:Q,F:Q,F:Q,F:Q,, ;,,,,,,,,,,,,,
1533135866,8/1/18 8:04,Matsuno,F,M,,,,,,,F:Q,F:Q,F:Q,,First question: person asked two questions and then made two comments.  ;,,,,,,,,,,,,,,
1533137017,8/1/18 8:23,Matsuno,F,M,,,,,,,F:Q,F:Q,F:Q,, ;,,,,,,,,,,,,,,
1533137023,8/1/18 8:23,Matsuno,F,M,,,,,,,F:Q,F:Q,F:Q,, ;,,,,,,,,,,,,,,
1533064710,7/31/18 12:18,Matt,M,M,16,,,,,,F:Q,M:Q,M:Q,F:Q,M:Q,M:C,, ;,,,,,,,,,,,
1533064711,7/31/18 12:18,Matt,M,M,16,,,,,,F:Q,M:Q,M:Q,F:Q,, ;,,,,,,,,,,,,,
1533064743,7/31/18 12:19,Matt,M,M,16,,,,,,F:Q,M:C,M:Q,M:C,M:Q,F:Q,M:Q,,Multiple interjected comments. Also, first questions by women this splinter.   ;,,,,,,,,,
1533070657,7/31/18 13:57,Matthews,F,F,SR,,,,,,F:Q,, ;,,,,,,,,,,,,,,,,
1533070683,7/31/18 13:58,Matthews,F,F,SR,,,,,,M:Q,, ;,,,,,,,,,,,,,,,,
1533070807,7/31/18 14:00,Matthews,F,F,SR,,,,,,F:Q,F:Q,, ;,,,,,,,,,,,,,,,
1533070813,7/31/18 14:00,Matthews,F,F,SR,,,,,,F:Q,M:Q,F:Q,, ;,,,,,,,,,,,,,,
1533070813,7/31/18 14:00,Matthews,F,F,SR,,,,,,F:Q,M:Q,F:Q,, ;,,,,,,,,,,,,,,
1533238377,8/2/18 12:32,Meunier,M,F,21,,,,,,M:Q,M:Q,, ;,,,,,,,,,,,,,,,
1533238379,8/2/18 12:32,Meunier,M,F,21,,,,,,M:Q,M:Q,, ;,,,,,,,,,,,,,,,
1533238386,8/2/18 12:33,Meunier,M,F,21,,,,,,M:Q,M:Q,M:Q,,Last 2 questions from same person ;,,,,,,,,,,,,,,
1533238396,8/2/18 12:33,Meunier,M,F,21,,,,,,M:Q,M:Q,, ;,,,,,,,,,,,,,,,
1533238408,8/2/18 12:33,Meunier,M,F,21,,,,,,M:Q,M:Q,, ;,,,,,,,,,,,,,,,
1533244802,8/2/18 14:20,Milbourne,M,M,0,,,,,,M:C,M:Q,, ;,,,,,,,,,,,,,,,
1533244803,8/2/18 14:20,Milbourne,,,0,,,,,,M:C,M:Q,, ;,,,,,,,,,,,,,,,
1533244807,8/2/18 14:20,Milbourne,M,M,0,,,,,,M:C,M:Q,, ;,,,,,,,,,,,,,,,
1533244808,8/2/18 14:20,Milbourne,M,M,0,,,,,,M:C,M:Q,, ;,,,,,,,,,,,,,,,
1533244808,8/2/18 14:20,Milbourne,M,M,0,,,,,,M:C,M:Q,, ;,,,,,,,,,,,,,,,
1533244821,8/2/18 14:20,Milbourne,M,M,0,,,,,,M:C,M:Q,, ;,,,,,,,,,,,,,,,
1533245383,8/2/18 14:29,Milbourne,M,M,0,,,,,,M:C,M:Q,M:Q,, ;,,,,,,,,,,,,,,
1533235426,8/2/18 11:43,Milic,M,M,4,,,,,,M:Q,M:Q,, ;,,,,,,,,,,,,,,,
1533237608,8/2/18 12:20,Molnar,M,M,0,,,,,,F:Q,M:Q,M:C,M:Q,M:Q,,This was a 13 minute talk 4 minute questions as part of the DKIST splinter at Cool Stars 20. ;,,,,,,,,,,,,
1533236657,8/2/18 12:04,Montet,M,M,2,,,,,,F:Q,F:Q,F:Q,M:Q,, ;,,,,,,,,,,,,,
1533236658,8/2/18 12:04,Montet,M,M,2,,,,,,F:Q,F:Q,F:Q,M:Q,, ;,,,,,,,,,,,,,
1533236658,8/2/18 12:04,Montet,M,M,2,,,,,,F:Q,F:Q,F:Q,M:Q,, ;,,,,,,,,,,,,,
1533236665,8/2/18 12:04,Montet,M,M,2,,,,,,F:Q,F:Q,F:Q,M:Q,, ;,,,,,,,,,,,,,
1533236670,8/2/18 12:04,Montet,M,M,2,,,,,,F:Q,F:Q,F:Q,M:Q,, ;,,,,,,,,,,,,,
1533236673,8/2/18 12:04,Montet,M,M,2,,,,,,F:Q,F:Q,F:Q,M:Q,, ;,,,,,,,,,,,,,
1533226562,8/2/18 9:16,Moore,M,M,1,,,,,,M:Q,, ;,,,,,,,,,,,,,,,,
1533226579,8/2/18 9:16,Moore,M,M,1,,,,,,M:Q,M:Q,M:Q,, ;,,,,,,,,,,,,,,
1533226607,8/2/18 9:16,Moore,M,M,1,,,,,,M:Q,M:Q,M:Q,, ;,,,,,,,,,,,,,,
1533226612,8/2/18 9:16,Moore,M,M,1,,,,,,M:Q,M:Q,M:Q,, ;,,,,,,,,,,,,,,
1533226615,8/2/18 9:16,Moore,M,M,1,,,,,,M:Q,M:Q,M:Q,, ;,,,,,,,,,,,,,,
1533226619,8/2/18 9:16,Moore,M,M,1,,,,,,M:Q,M:Q,M:Q,, ;,,,,,,,,,,,,,,
1533226625,8/2/18 9:17,Moore,M,M,1,,,,,,M:Q,M:Q,M:Q,, ;,,,,,,,,,,,,,,
1533226626,8/2/18 9:17,Moore,M,M,1,,,,,,M:Q,M:Q,M:Q,, ;,,,,,,,,,,,,,,
1533226650,8/2/18 9:17,Moore,M,M,1,,,,,,M:Q,M:Q,M:Q,, ;,,,,,,,,,,,,,,
1533226660,8/2/18 9:17,Moore,M,M,1,,,,,,M:Q,M:Q,, ;,,,,,,,,,,,,,,,
1533223799,8/2/18 8:29,Morrell,F,M,1,,,,,,M:Q,M:Q,F:Q,, ;,,,,,,,,,,,,,,
1533054430,7/31/18 9:27,Morris,M,M,0,,,,,,F:Q,M:Q,M:Q,M:C,M:Q,M:Q,M:Q,,Chair asked the comment sayer to change his comment to a question. It still went over as a comment, speaker did not say anything before moving on. Third last question asker was asked to make his question more concise.  ;,,,,,,,,,
1533054432,7/31/18 9:27,Morris,M,M,0,,,,,,F:Q,M:Q,M:Q,M:C,M:Q,M:Q,M:C,M:Q,, ;,,,,,,,,,
1533054432,7/31/18 9:27,Morris,M,M,0,,,,,,F:Q,M:Q,M:Q,M:Q,M:Q,M:C,M:Q,,Comments were converted to questions at request of chair. Tweeting apparently has had an effect... ;,,,,,,,,,,
1533054437,7/31/18 9:27,Morris,M,M,0,,,,,,F:Q,M:Q,M:Q,M:Q,M:Q,M:Q,M:Q,, ;,,,,,,,,,,
1533054437,7/31/18 9:27,Morris,M,M,0,,,,,,F:Q,M:Q,M:Q,M:Q,M:Q,M:Q,,two comments were (finally) redirected to questions by the chair. I think I missed one  ;,,,,,,,,,,,
1533054437,7/31/18 9:27,Morris,M,M,0,,,,,,F:Q,M:Q,M:Q,M:C,M:Q,M:Q,M:C,, ;,,,,,,,,,,
1533054445,7/31/18 9:27,Morris,M,M,0,,,,,,F:Q,M:Q,M:Q,M:C,M:Q,M:Q,M:Q,, ;,,,,,,,,,,
1533054446,7/31/18 9:27,Morris,M,M,0,,,,,,F:Q,M:Q,M:Q,M:C,M:Q,M:C,, ;,,,,,,,,,,,
1533054448,7/31/18 9:27,Morris,M,M,0,,,,,,F:Q,M:Q,M:Q,M:Q,M:Q,M:Q,M:C,M:Q,, ;,,,,,,,,,
1533054450,7/31/18 9:27,Morris,M,M,0,,,,,,F:Q,M:Q,M:Q,M:C,M:Q,M:Q,M:Q,,Talk starts 12:09 Talk ends 12:19 Q/A ends 12:27 ;,,,,,,,,,,
1533062479,7/31/18 11:41,Moschou,F,F,PD,,,,,,F:Q,, ;,,,,,,,,,,,,,,,,
1533062485,7/31/18 11:41,Moschou,F,F,PD,,,,,,F:Q,, ;,,,,,,,,,,,,,,,,
1533069772,7/31/18 13:42,Mutel,F,M,43,,,,,,M:Q,, ;,,,,,,,,,,,,,,,,
1533069798,7/31/18 13:43,Mutel,F,M,43,,,,,,M:Q,, ;,,,,,,,,,,,,,,,,
1533069867,7/31/18 13:44,Mutel,,,43,,,,,,M:Q,M:Q,M:Q,, ;,,,,,,,,,,,,,,
1533069871,7/31/18 13:44,Mutel,F,M,43,,,,,,F:Q,M:Q,M:Q,, ;,,,,,,,,,,,,,,
1533069874,7/31/18 13:44,Mutel,F,M,43,,,,,,F:Q,M:Q,M:Q,, ;,,,,,,,,,,,,,,
1532979590,7/30/18 12:39,Newton,M,F,2,,,,,,M:Q,M:Q,M:Q,M:C,M:Q,, ;,,,,,,,,,,,,
1532979672,7/30/18 12:41,Newton,M,F,2,,,,,,M:Q,M:Q,M:Q,M:C,M:Q,M:C,,number 5 repeated the first or second question ;,,,,,,,,,,,
1532979674,7/30/18 12:41,Newton,M,F,2,,,,,,M:Q,M:Q,M:Q,M:C,M:Q,M:Q,, ;,,,,,,,,,,,
1532979675,7/30/18 12:41,Newton,M,F,2,,,,,,M:Q,M:Q,M:Q,M:Q,M:Q,M:Q,, ;,,,,,,,,,,,
1532979676,7/30/18 12:41,Newton,M,F,2,,,,,,M:Q,M:Q,M:Q,M:C,M:Q,M:Q,, ;,,,,,,,,,,,
1532979682,7/30/18 12:41,Newton,M,F,2,,,,,,M:Q,M:Q,M:Q,M:C,M:C,M:Q,M:Q,, ;,,,,,,,,,,
1532979683,7/30/18 12:41,Newton,M,F,2,,,,,,M:Q,M:Q,M:Q,M:C,M:Q,M:Q,, ;,,,,,,,,,,,
1532981134,7/30/18 13:05,Newton,M,F,2,,,,,,M:Q,M:Q,M:Q,M:Q,M:Q,, ;,,,,,,,,,,,,
1533313667,8/3/18 9:27,Ngo,F,M,1,,,,,,M:Q,M:Q,, ;,,,,,,,,,,,,,,,
1533313669,8/3/18 9:27,Ngo,F,M,1,,,,,,M:Q,M:Q,, ;,,,,,,,,,,,,,,,
1533313670,8/3/18 9:27,Ngo,F,M,1,,,,,,M:Q,M:Q,, ;,,,,,,,,,,,,,,,
1533313674,8/3/18 9:27,Ngo,F,M,1,,,,,,M:Q,M:Q,, ;,,,,,,,,,,,,,,,
1533313684,8/3/18 9:28,Ngo,F,M,1,,,,,,M:Q,M:Q,, ;,,,,,,,,,,,,,,,
1533313688,8/3/18 9:28,Ngo,F,M,1,,,,,,M:Q,M:Q,, ;,,,,,,,,,,,,,,,
1533313696,8/3/18 9:28,Ngo,F,M,1,,,,,,M:Q,M:Q,,Female with question was ignored and talk finished.  ;,,,,,,,,,,,,,,,
1533313699,8/3/18 9:28,Ngo,F,M,1,,,,,,M:Q,M:Q,, ;,,,,,,,,,,,,,,,
1533313710,8/3/18 9:28,Ngo,F,M,1,,,,,,M:Q,, ;,,,,,,,,,,,,,,,,
1533068913,7/31/18 13:28,Nicholson,F,F,1,,,,,,F:Q,F:Q,,Know Thy Starspot Splinter ;,,,,,,,,,,,,,,,
1533068919,7/31/18 13:28,Nicholson,F,F,1,,,,,,F:Q,F:Q,, ;,,,,,,,,,,,,,,,
1533068921,7/31/18 13:28,Nicholson,F,F,1,,,,,,F:Q,F:Q,, ;,,,,,,,,,,,,,,,
1533068923,7/31/18 13:28,Nicholson,F,F,1,,,,,,F:Q,F:Q,, ;,,,,,,,,,,,,,,,
1533068925,7/31/18 13:28,Nicholson,F,F,1,,,,,,F:Q,F:Q,,Talk starts 16:17 Talk ends 16:26 Q/A ends 16:28 First question from female chair ;,,,,,,,,,,,,,,,
1533068961,7/31/18 13:29,Nicholson,F,F,1,,,,,,F:Q,F:Q,, ;,,,,,,,,,,,,,,,
1533069034,7/31/18 13:30,Nicholson,F,F,1,,,,,,F:Q,F:Q,,First question was from the session chair ;,,,,,,,,,,,,,,,
1533237265,8/2/18 12:14,Nielsen,M,M,6,,,,,,M:Q,, ;,,,,,,,,,,,,,,,,
1533237269,8/2/18 12:14,Nielsen,M,M,6,,,,,,M:Q,, ;,,,,,,,,,,,,,,,,
1533237270,8/2/18 12:14,Nielsen,M,M,6,,,,,,M:Q,, ;,,,,,,,,,,,,,,,,
1533237275,8/2/18 12:14,Nielsen,M,M,6,,,,,,M:Q,, ;,,,,,,,,,,,,,,,,
1533237278,8/2/18 12:14,Nielsen,M,M,6,,,,,,M:Q,, ;,,,,,,,,,,,,,,,,
1533237309,8/2/18 12:15,Nielsen,M,M,6,,,,,,M:Q,, ;,,,,,,,,,,,,,,,,
1532975244,7/30/18 11:27,Orosz,M,M,22,,,,,,F:Q,M:Q,, ;,,,,,,,,,,,,,,,
1533215044,8/2/18 6:04,Osten,M,F,16,,,,,,M:Q,M:Q,M:Q,F:Q,M:Q,F:Q,,4th question also had a follow up question but I did not record that as a separate question. ;,,,,,,,,,,,
1533215045,8/2/18 6:04,Osten,M,F,16,,,,,,M:Q,M:Q,M:Q,F:Q,F:Q,F:Q,, ;,,,,,,,,,,,
1533215046,8/2/18 6:04,Osten,M,F,16,,,,,,M:Q,M:Q,M:Q,F:Q,M:Q,F:Q,,First female question asker asked 2 questions.  ;,,,,,,,,,,,
1533215047,8/2/18 6:04,Osten,M,F,16,,,,,,M:Q,M:Q,M:Q,F:Q,M:Q,F:Q,,4th questioner had a follow up question (which I've not explicitly included as another question) ;,,,,,,,,,,,
1533215063,8/2/18 6:04,Osten,M,F,16,,,,,,M:Q,M:Q,M:Q,F:Q,F:Q,, ;,,,,,,,,,,,,
1533215068,8/2/18 6:04,Osten,M,F,16,,,,,,M:Q,M:Q,F:Q,F:Q,, ;,,,,,,,,,,,,,
1533215088,8/2/18 6:04,Osten,M,F,16,,,,,,M:Q,M:Q,M:Q,F:Q,M:Q,F:Q,, ;,,,,,,,,,,,
1533215529,8/2/18 6:12,Osten,M,F,16,,,,,,M:Q,M:Q,M:Q,F:Q,M:Q,F:Q,, ;,,,,,,,,,,,
1533062594,7/31/18 11:43,Panja,M,M,0,,,,,,F:Q,, ;,,,,,,,,,,,,,,,,
1533062648,7/31/18 11:44,Panja,M,M,0,,,,,,F:Q,, ;,,,,,,,,,,,,,,,,
1533062711,7/31/18 11:45,Panja,M,M,0,,,,,,M:Q,, ;,,,,,,,,,,,,,,,,
1533062744,7/31/18 11:45,Panja,M,M,0,,,,,,F:Q,F:Q,M:Q,, ;,,,,,,,,,,,,,,
1533062749,7/31/18 11:45,Panja,M,M,0,,,,,,F:Q,F:Q,M:Q,, ;,,,,,,,,,,,,,,
1533062749,7/31/18 11:45,Panja,M,M,0,,,,,,F:Q,F:Q,M:Q,, ;,,,,,,,,,,,,,,
1533062752,7/31/18 11:45,Panja,M,M,0,,,,,,F:Q,F:Q,M:Q,,Talk starts 14:36 Talk ends 14:43 Q/A ends 14:45 ;,,,,,,,,,,,,,,
1533062752,7/31/18 11:45,Panja,M,M,0,,,,,,F:Q,F:Q,F:C,M:Q,,#2 and #3 same person, #4 was almost a comment too ;,,,,,,,,,,,,
1533062760,7/31/18 11:46,Panja,M,M,0,,,,,,F:Q,F:Q,M:Q,, ;,,,,,,,,,,,,,,
1533062765,7/31/18 11:46,Panja,M,M,0,,,,,,F:Q,F:Q,M:Q,,Know Thy Starspot Splinter ;,,,,,,,,,,,,,,
1533062776,7/31/18 11:46,Panja,M,M,0,,,,,,M:Q,F:Q,M:Q,,Speaker is a student. Speaker interrupted the female question asker.  ;,,,,,,,,,,,,,,
1533062802,7/31/18 11:46,Panja,M,M,0,,,,,,F:Q,F:Q, ;,,,,,,,,,,,,,,,,
1533238555,8/2/18 12:35,Peck,M,F,,,,,,,M:Q,,,This was a 13 minute talk with 4 minutes for questions as part of the DKIST splinter at Cool Stars 20. ;,,,,,,,,,,,,,,,
1533223709,8/2/18 8:28,Poppenhaeger,M,F,7,,,,,,F:Q,M:Q,F:Q,M:Q,M:Q,M:C,M:Q,,6th comment was interrupted by the session chair since it wasn't a question ;,,,,,,,,,,
1533223718,8/2/18 8:28,Poppenhaeger,M,F,7,,,,,,F:Q,M:Q,F:Q,F:C,M:Q,M:C,, ;,,,,,,,,,,,
1533223720,8/2/18 8:28,Poppenhaeger,M,F,7,,,,,,F:Q,M:Q,F:Q,F:C;M:Q,M:Q,M:C,M:Q,,#2 included selfpromotion, #4 was argumentative,  ;,,,,,,,,
1533223725,8/2/18 8:28,Poppenhaeger,M,F,7,,,,,,F:Q,M:Q,F:Q,F:Q,M:Q,M:Q,M:C,M:Q,, ;,,,,,,,,,
1533223725,8/2/18 8:28,Poppenhaeger,M,F,7,,,,,,F:Q,M:Q,F:Q,F:Q,M:Q,M:Q,M:C,M:Q,,Commenter wasn't selected by chair, but stood up and spoke. ;,,,,,,,,
1533223726,8/2/18 8:28,Poppenhaeger,M,F,7,,,,,,F:Q,M:Q,F:Q,F:C,M:Q,M:Q,M:C,M:Q,, ;,,,,,,,,,
1533223728,8/2/18 8:28,Poppenhaeger,M,F,7,,,,,,F:Q,M:Q,F:Q,F:Q,M:Q,M:Q,M:C,M:Q,, ;,,,,,,,,,
1533223729,8/2/18 8:28,Poppenhaeger,M,F,7,,,,,,F:Q,M:Q,F:Q,F:Q,M:Q,M:Q,M:C,M:Q,, ;,,,,,,,,,
1533223731,8/2/18 8:28,Poppenhaeger,M,F,7,,,,,,F:Q,M:Q,F:Q,F:Q,M:Q,M:Q,M:C,M:Q,, ;,,,,,,,,,
1533223735,8/2/18 8:28,Poppenhaeger,M,F,7,,,,,,F:Q,M:Q,F:Q,F:Q,M:Q,M:Q,M:C,M:Q,, ;,,,,,,,,,
1533223737,8/2/18 8:28,Poppenhaeger,M,F,7,,,,,,F:Q,M:Q,F:Q,F:Q,F:C,F:Q,M:Q,M:C,M:C,, ;,,,,,,,,
1533223742,8/2/18 8:29,Poppenhaeger,M,F,7,,,,,,F:Q,M:Q,F:Q,F:Q,M:Q,M:Q,M:C,M:Q,,Chair cut off the comment halfway through. ;,,,,,,,,,
1533223745,8/2/18 8:29,Poppenhaeger,M,F,7,,,,,,F:Q,M:Q,F:Q,M:Q,M:Q,M:C,M:Q,,egregious ;,,,,,,,,,,
1533223797,8/2/18 8:29,Poppenhaeger,M,F,7,,,,,,F:Q,M:Q,F:Q,F:Q,M:Q,M:Q,M:C,M:Q,,Comment was cut off by the session chair ;,,,,,,,,,
1533310952,8/3/18 8:42,Powell,F,F,0,,,,,,F:Q,M:Q,F:Q,, ;,,,,,,,,,,,,,,
1533310954,8/3/18 8:42,Powell,F,F,0,,,,,,F:Q,M:Q,F:Q,, ;,,,,,,,,,,,,,,
1533310957,8/3/18 8:42,Powell,F,F,0,,,,,,F:Q,M:Q,F:Q,, ;,,,,,,,,,,,,,,
1533310957,8/3/18 8:42,Powell,F,F,0,,,,,,F:Q,M:Q,F:Q,, ;,,,,,,,,,,,,,,
1533310957,8/3/18 8:42,Powell,F,F,0,,,,,,F:Q,M:Q,F:Q,, ;,,,,,,,,,,,,,,
1533310957,8/3/18 8:42,Powell,F,F,0,,,,,,F:Q,M:Q,F:Q,, ;,,,,,,,,,,,,,,
1533310959,8/3/18 8:42,Powell,F,F,0,,,,,,F:Q,M:Q,F:Q,, ;,,,,,,,,,,,,,,
1533310960,8/3/18 8:42,Powell,,,0,,,,,,F:Q,M:Q,F:Q,,Talk starts 11:29 Talk ends 11:40 Q/A ends 11:42 ;,,,,,,,,,,,,,,
1533310969,8/3/18 8:42,Powell,,,0,,,,,,F:Q,M:Q,F:Q,, ;,,,,,,,,,,,,,,
1533310978,8/3/18 8:42,Powell,F,F,0,,,,,,F:Q,M:Q,F:Q,, ;,,,,,,,,,,,,,,
1533311057,8/3/18 8:44,Powell,F,F,0,,,,,,F:Q,M:Q,F:Q,, ;,,,,,,,,,,,,,,
1533304153,8/3/18 6:49,Punzi,M,F,1,,,,,,M:Q,M:C,M:C,, ;,,,,,,,,,,,,,,
1533304154,8/3/18 6:49,Punzi,M,F,1,,,,,,F:Q,M:C,M:C,, ;,,,,,,,,,,,,,,
1533304156,8/3/18 6:49,Punzi,M,F,1,,,,,,F:Q,M:C,M:C,, ;,,,,,,,,,,,,,,
1533304158,8/3/18 6:49,Punzi,M,F,1,,,,,,F:Q,M:C,M:C,, ;,,,,,,,,,,,,,,
1533304158,8/3/18 6:49,Punzi,M,F,1,,,,,,F:Q,M:C,M:C,, ;,,,,,,,,,,,,,,
1533304158,8/3/18 6:49,Punzi,,,1,,,,,,F:Q,M:C,M:C,, ;,,,,,,,,,,,,,,
1533304160,8/3/18 6:49,Punzi,M,F,1,,,,,,F:Q,M:C,M:C,,speaker solicited suggestions for interpretation so comments might be desirable ;,,,,,,,,,,,,,,
1533304166,8/3/18 6:49,Punzi,M,F,1,,,,,,F:Q,M:C,M:C,,Male commentator is FirstName somoene? serial commenter! Second comment is response to FirstName's comment, not even the speaker ;,,,,,,,,,,,,,
1533304170,8/3/18 6:49,Punzi,M,F,1,,,,,,F:Q,M:C,M:C,,LastName'd & LastName'd ;,,,,,,,,,,,,,,
1533304175,8/3/18 6:49,Punzi,M,F,1,,,,,,F:Q,M:C,M:C,,Talk starts 09:36 Talk ends 09:46 Q/A ends 09:49 Male comments on female speaker, as usual ;)  ;,,,,,,,,,,,,,
1533304180,8/3/18 6:49,Punzi,M,F,1,,,,,,F:Q,M:C,M:C,, ;,,,,,,,,,,,,,,
1533304194,8/3/18 6:49,Punzi,M,F,1,,,,,,F:Q,M:C,F:Q,, ;,,,,,,,,,,,,,,
1533304255,8/3/18 6:50,Punzi,,,1,,,,,,F:Q,M:C,M:C,, ;,,,,,,,,,,,,,,
1533304297,8/3/18 6:51,Punzi,M,F,1,,,,,,F:Q,M:C,M:C,, ;,,,,,,,,,,,,,,
1533064717,7/31/18 12:18,Quiroga-Nunez,F,M,0,,,,,,M:Q,M:Q,, ;,,,,,,,,,,,,,,,
1533064726,7/31/18 12:18,Quiroga-Nunez,F,M,0,,,,,,M:Q,M:C,, ;,,,,,,,,,,,,,,,
1533064743,7/31/18 12:19,Quiroga-Nunez,F,M,0,,,,,,M:Q,M:C,, ;,,,,,,,,,,,,,,,
1533064743,7/31/18 12:19,Quiroga-Nunez,F,M,0,,,,,,M:Q,M:C,,Comment turned in to a useful back and forth with speaker ;,,,,,,,,,,,,,,,
1533071864,7/31/18 14:17,Rackham,F,M,0,,,,,,F:Q,M:Q,,Talk starts 17:07 Talk ends 17:15 Q/A ends 17:17 ;,,,,,,,,,,,,,,,
1533071864,7/31/18 14:17,Rackham,F,M,0,,,,,,F:Q,M:Q,, ;,,,,,,,,,,,,,,,
1533071865,7/31/18 14:17,Rackham,F,M,0,,,,,,F:Q,M:Q,, ;,,,,,,,,,,,,,,,
1533071870,7/31/18 14:17,Rackham,F,M,0,,,,,,F:Q,M:Q,, ;,,,,,,,,,,,,,,,
1533071871,7/31/18 14:17,Rackham,F,M,0,,,,,,F:Q,M:Q,, ;,,,,,,,,,,,,,,,
1533071873,7/31/18 14:17,Rackham,F,M,0,,,,,,F:Q,M:Q,, ;,,,,,,,,,,,,,,,
1533071886,7/31/18 14:18,Rackham,F,M,0,,,,,,F:Q,M:Q,,Know Thy Starspot Splinter ;,,,,,,,,,,,,,,,
1533071889,7/31/18 14:18,Rackham,F,M,0,,,,,,F:Q,M:Q,, ;,,,,,,,,,,,,,,,
1533071897,7/31/18 14:18,Rackham,F,M,0,,,,,,F:Q,M:Q,, ;,,,,,,,,,,,,,,,
1532978595,7/30/18 12:23,Raetz,M,,6,,,,,,M:Q,M:Q,M:C,, ;,,,,,,,,,,,,,,
1532978600,7/30/18 12:23,Raetz,M,F,6,,,,,,M:Q,M:Q,M:C,,Questions were already answered in the talk ;,,,,,,,,,,,,,,
1532978600,7/30/18 12:23,Raetz,M,F,6,,,,,,M:Q,M:Q,M:C,, ;,,,,,,,,,,,,,,
1532978601,7/30/18 12:23,Raetz,M,F,6,,,,,,M:Q,M:Q,M:C,, ;,,,,,,,,,,,,,,
1532978603,7/30/18 12:23,Raetz,M,F,6,,,,,,M:Q,M:Q,M:C,, ;,,,,,,,,,,,,,,
1532978606,7/30/18 12:23,Raetz,M,F,6,,,,,,?:Q, M:Q,M:C,,I forgot the first quesitoner's gender ;,,,,,,,,,,,,,,
1532978609,7/30/18 12:23,Raetz,M,F,6,,,,,,M:Q,M:Q,M:C,, ;,,,,,,,,,,,,,,
1532978615,7/30/18 12:23,Raetz,M,F,6,,,,,,F:Q,M:Q,M:C,, ;,,,,,,,,,,,,,,
1533235439,8/2/18 11:43,Reinhold,M,M,5,,,,,,??, M:Q,M:C,M:C,,missed 1st Q again. #4 was talking to #3 ;,,,,,,,,,,,,,
1533235446,8/2/18 11:44,Reinhold,M,M,5,,,,,,M:Q,M:Q,M:C,M:C,, ;,,,,,,,,,,,,,
1533235448,8/2/18 11:44,Reinhold,M,M,5,,,,,,M:Q,M:Q,M:Q,M:C,, ;,,,,,,,,,,,,,
1533235454,8/2/18 11:44,Reinhold,M,M,5,,,,,,M:Q,M:Q,M:C,M:C,, ;,,,,,,,,,,,,,
1533236582,8/2/18 12:03,Reiter,M,F,3,,,,,,M:C,,, About Virial parameters: it is complicated. What is important is the substructure., ;,,,,,,,,,,,,,,
1533236585,8/2/18 12:03,Reiter,M,F,3,,,,,,M:C,, ;,,,,,,,,,,,,,,,,
1533236586,8/2/18 12:03,Reiter,M,F,3,,,,,,M:C,M:C,,First person started with “ I have a couple of comments” ;,,,,,,,,,,,,,,,
1533236589,8/2/18 12:03,Reiter,M,F,3,,,,,,M:C,M:C,, ;,,,,,,,,,,,,,,,
1533236590,8/2/18 12:03,Reiter,M,F,3,,,,,,M:C,, ;,,,,,,,,,,,,,,,,
1533236648,8/2/18 12:04,Reiter,M,F,3,,,,,,M:C,, ;,,,,,,,,,,,,,,,,
1533236669,8/2/18 12:04,Reiter,M,F,3,,,,,,M:C,, ;,,,,,,,,,,,,,,,,
1532977066,7/30/18 11:57,Reyle,M,F,20,,,,,,F:Q,M:C,F:Q,M:Q,,Talk starts 14:42 Talk ends 14:54 Q/A ends 14:57 ;,,,,,,,,,,,,,
1532977084,7/30/18 11:58,Reyle,M,F,20,,,,,,F:Q,M:C,F:Q,M:Q,, ;,,,,,,,,,,,,,
1532977721,7/30/18 12:08,Reyle,,,20,,,,,,F:Q,M:C,F:Q,M:Q,, ;,,,,,,,,,,,,,
1532912195,7/29/18 17:56,Ricker,M,M,,,,,,,F:Q,F:Q,M:C,M:Q,M:Q,, ;,,,,,,,,,,,,
1533243221,8/2/18 13:53,Roccatagliata,M,F,8,,,,,,M:Q,F:Q,F:Q,, ;,,,,,,,,,,,,,,
1533243224,8/2/18 13:53,Roccatagliata,M,F,8,,,,,,M:Q,F:Q,F:Q,, ;,,,,,,,,,,,,,,
1533243228,8/2/18 13:53,Roccatagliata,M,F,8,,,,,,M:Q,F:Q,F:Q,, ;,,,,,,,,,,,,,,
1533243228,8/2/18 13:53,Roccatagliata,M,F,8,,,,,,M:Q,F:Q,F:Q,, ;,,,,,,,,,,,,,,
1533243303,8/2/18 13:55,Roccatagliata,M,F,8,,,,,,M:Q,F:Q,F:Q,, ;,,,,,,,,,,,,,,
1533243303,8/2/18 13:55,Roccatagliata,M,F,8,,,,,,M:Q,F:Q,, ;,,,,,,,,,,,,,,,
1533068154,7/31/18 13:15,Rodriguez,F,M,2,,,,,,M:Q,, ;,,,,,,,,,,,,,,,,
1533068166,7/31/18 13:16,Rodriguez,F,M,2,,,,,,M:Q,, ;,,,,,,,,,,,,,,,,
1533068217,7/31/18 13:16,Rodriguez,F,M,2,,,,,,M:Q,, ;,,,,,,,,,,,,,,,,
1533068247,7/31/18 13:17,Rodriguez,F,M,2,,,,,,M:Q,M:Q,M:Q,, ;,,,,,,,,,,,,,,
1533068255,7/31/18 13:17,Rodriguez,F,M,2,,,,,,M:Q,M:Q,M:Q,, ;,,,,,,,,,,,,,,
1533068310,7/31/18 13:18,Rodriguez,F,M,2,,,,,,M:Q,M:Q,, ;,,,,,,,,,,,,,,,
1533068313,7/31/18 13:18,Rodriguez,F,M,2,,,,,,M:Q,M:Q,M:Q,, ;,,,,,,,,,,,,,,
1533053321,7/31/18 9:08,Roettenbacher,M,F,2,,,,,,M:Q,M:C,M:Q,F:Q,F:Q,M:Q,, ;,,,,,,,,,,,
1533053322,7/31/18 9:08,Roettenbacher,M,F,2,,,,,,M:Q,M:C,M:Q,F:Q,F:Q,M:Q,, ;,,,,,,,,,,,
1533053322,7/31/18 9:08,Roettenbacher,M,F,2,,,,,,M:Q,M:C,M:Q,F:Q,F:Q,M:Q,, ;,,,,,,,,,,,
1533053323,7/31/18 9:08,Roettenbacher,M,F,2,,,,,,M:Q,M:Q,M:Q,F:Q,F:Q,M:Q,,Second question author also gave a long comment.  ;,,,,,,,,,,,
1533053325,7/31/18 9:08,Roettenbacher,M,F,2,,,,,,M:Q,M:C,M:Q,F:C,F:Q,M:Q,, ;,,,,,,,,,,,
1533053333,7/31/18 9:08,Roettenbacher,M,F,2,,,,,,M:Q,M:C,M:Q,F:Q,F:Q,M:Q,,Talk starts 11:50 Talk ends 12:01 Q/A ends 12:08 ;,,,,,,,,,,,
1533053344,7/31/18 9:09,Roettenbacher,M,F,2,,,,,,M:Q,M:C,M:Q,F:Q,F:Q,M:Q,, ;,,,,,,,,,,,
1533053360,7/31/18 9:09,Roettenbacher,M,F,2,,,,,,M:Q,M:C,M:Q,F:Q,F:Q,M:Q,, ;,,,,,,,,,,,
1533053366,7/31/18 9:09,Roettenbacher,,,2,,,,,,M:Q,M:Q,M:Q,F:Q,F:Q,M:Q,, ;,,,,,,,,,,,
1533054065,7/31/18 9:21,Roettenbacher,M,F,2,,,,,,M:Q,M:C,M:Q,F:Q,F:Q,M:Q,, ;,,,,,,,,,,,
1533054190,7/31/18 9:23,Roettenbacher,M,F,2,,,,,,M:Q,M:C,M:Q,F:Q,F:Q,M:Q,, ;,,,,,,,,,,,
1533137227,8/1/18 8:27,Schiavon,M,M,SR,,,,,,F:Q,M:Q,M:Q,, ;,,,,,,,,,,,,,,
1533137313,8/1/18 8:28,Schiavon,M,M,SR,,,,,,F:Q,M:Q,M:Q,, ;,,,,,,,,,,,,,,
1533137318,8/1/18 8:28,Schiavon,M,M,SR,,,,,,F:Q,M:Q,M:Q,,3rd question by chair. ;,,,,,,,,,,,,,,
1533137319,8/1/18 8:28,Schiavon,M,M,SR,,,,,,F:Q,M:Q,M:Q,,Multiple qs and cs from the first questioners ;,,,,,,,,,,,,,,
1533137319,8/1/18 8:28,Schiavon,M,M,SR,,,,,,F:Q,M:Q,M:Q,, ;,,,,,,,,,,,,,,
1533137320,8/1/18 8:28,Schiavon,M,M,SR,,,,,,F:Q,M:Q,,Talk starts 10:57 Talk ends 11:23 Q/A ends 11:28 ;,,,,,,,,,,,,,,,
1533137321,8/1/18 8:28,Schiavon,M,M,SR,,,,,,F:Q,M:Q,M:Q,,Third question was from the chair.  ;,,,,,,,,,,,,,,
1533137335,8/1/18 8:28,Schiavon,M,M,SR,,,,,,F:Q,M:Q,M:Q,, ;,,,,,,,,,,,,,,
1533137342,8/1/18 8:29,Schiavon,M,M,SR,,,,,,F:Q,M:Q,M:Q,, ;,,,,,,,,,,,,,,
1533137417,8/1/18 8:30,Schiavon,M,M,SR,,,,,,F:Q,M:Q,M:Q,, ;,,,,,,,,,,,,,,
1533137464,8/1/18 8:31,Schiavon,M,M,SR,,,,,,F:Q,M:Q,,I got distracted after the second question but there were definitely more questions ;,,,,,,,,,,,,,,,
1533137731,8/1/18 8:35,Schiavon,M,M,SR,,,,,,F:Q,M:Q,M:Q,, ;,,,,,,,,,,,,,,
1532982102,7/30/18 13:21,Schmitt,M,M,SR,,,,,,M:C,M:Q,M:Q,, ;,,,,,,,,,,,,,,
1532982106,7/30/18 13:21,Schmitt,M,M,SR,,,,,,M:C,M:C,M:C,M:Q,,First, the chair commented, first questioner asked two qs at once,  ;,,,,,,,,,,
1532982108,7/30/18 13:21,Schmitt,M,M,SR,,,,,,M:C,M:Q,M:Q,,First male comment was from the chair before questions were taken from audience. ;,,,,,,,,,,,,,,
1532982114,7/30/18 13:21,Schmitt,M,M,SR,,,,,,M:Q,M:Q,M:Q,M:Q,, ;,,,,,,,,,,,,,
1532982147,7/30/18 13:22,Schmitt,M,M,SR,,,,,,M:C,M:Q,,This speaker was snitty to the previous speaker over a minor terminology point - he made a mean comment to her after her talk too. First comment by chair. ;,,,,,,,,,,,,,,,
1532982164,7/30/18 13:22,Schmitt,M,M,SR,,,,,,M:Q,M:Q,, ;,,,,,,,,,,,,,,,
1533303297,8/3/18 6:34,Scholz,M,M,,,,,,,M:Q,F:Q,M:Q,M:Q,, ;,,,,,,,,,,,,,
1533303297,8/3/18 6:34,Scholz,M,M,,,,,,,M:Q,F:Q,M:Q,M:Q,,Talk starts 09:18 Talk ends 09:31 Q/A ends 09:34 ;,,,,,,,,,,,,,
1533303298,8/3/18 6:34,Scholz,M,M,,,,,,,M:Q,F:Q,M:Q,M:Q,, ;,,,,,,,,,,,,,
1533303303,8/3/18 6:35,Scholz,M,M,,,,,,,M:Q,F:Q,M:Q,M:Q,, ;,,,,,,,,,,,,,
1533303304,8/3/18 6:35,Scholz,M,M,,,,,,,M:Q,F:Q,M:Q,M:Q,, ;,,,,,,,,,,,,,
1533303304,8/3/18 6:35,Scholz,M,M,,,,,,,M:Q,F:Q,M:Q,M:Q,, ;,,,,,,,,,,,,,
1533303306,8/3/18 6:35,Scholz,,,,,,,,,M:Q,F:Q,M:Q,M:Q,, ;,,,,,,,,,,,,,
1533303307,8/3/18 6:35,Scholz,M,M,,,,,,,M:Q,F:Q,M:Q,M:Q,,Third questions was from the session chair ;,,,,,,,,,,,,,
1533303307,8/3/18 6:35,Scholz,M,M,,,,,,,M:Q,F:Q,M:Q,M:Q,, ;,,,,,,,,,,,,,
1533303311,8/3/18 6:35,Scholz,M,M,,,,,,,M:Q,F:Q,M:Q,M:Q,, ;,,,,,,,,,,,,,
1533303364,8/3/18 6:36,Scholz,M,M,,,,,,,M:Q,F:Q,M:Q,M:Q,, ;,,,,,,,,,,,,,
1533303424,8/3/18 6:37,Scholz,M,M,,,,,,,M:Q,M:Q,, ;,,,,,,,,,,,,,,,
1533303603,8/3/18 6:40,Scholz,M,M,,,,,,,M:Q,F:Q,M:Q,M:Q,, ;,,,,,,,,,,,,,
1533063582,7/31/18 11:59,Shapiro,M,M,9,,,,,,M:C,M:Q,, ;,,,,,,,,,,,,,,,
1533065502,7/31/18 12:31,Shapiro,M,M,9,,,,,,M:Q,M:Q,M:Q,M:Q,, ;,,,,,,,,,,,,,
1533302239,8/3/18 6:17,Shporer,M,M,9,,,,,,M:Q,M:Q,M:Q,, ;,,,,,,,,,,,,,,
1533302241,8/3/18 6:17,Shporer,M,M,9,,,,,,M:Q,M:Q,M:Q,, ;,,,,,,,,,,,,,,
1533302242,8/3/18 6:17,Shporer,,,9,,,,,,M:Q,M:Q,M:Q,, ;,,,,,,,,,,,,,,
1533302244,8/3/18 6:17,Shporer,M,M,9,,,,,,M:Q,M:Q,M:Q,, ;,,,,,,,,,,,,,,
1533302245,8/3/18 6:17,Shporer,M,M,9,,,,,,M:Q,M:Q,M:Q,, ;,,,,,,,,,,,,,,
1533302250,8/3/18 6:17,Shporer,M,M,9,,,,,,M:Q,M:Q,M:Q,, ;,,,,,,,,,,,,,,
1533302251,8/3/18 6:17,Shporer,M,M,9,,,,,,M:Q,M:Q,M:Q,,Talk starts 09:04 Talk ends 09:13 Q/A ends 09:17 ;,,,,,,,,,,,,,,
1533302278,8/3/18 6:17,Shporer,M,M,9,,,,,,M:Q,M:Q,M:Q,, ;,,,,,,,,,,,,,,
1533302303,8/3/18 6:18,Shporer,M,M,9,,,,,,M:Q,M:Q,M:Q,, ;,,,,,,,,,,,,,,
1533303149,8/3/18 6:32,Shporer,M,M,9,,,,,,M:Q,M:Q,M:Q,,Got distracted after the third question - unsure if there were anymore but the first three should be good ;,,,,,,,,,,,,,,
1533303247,8/3/18 6:34,Shporer,M,M,9,,,,,,M:Q,M:Q,M:Q, ;,,,,,,,,,,,,,,,
1533234794,8/2/18 11:33,Sills,M,F,20,,,,,,M:Q,F:Q,, ;,,,,,,,,,,,,,,,
1533234796,8/2/18 11:33,Sills,M,F,20,,,,,,M:Q,F:Q,, ;,,,,,,,,,,,,,,,
1533234797,8/2/18 11:33,Sills,M,F,20,,,,,,M:Q,F:Q,, ;,,,,,,,,,,,,,,,
1533234798,8/2/18 11:33,Sills,M,F,20,,,,,,M:Q,F:C,, ;,,,,,,,,,,,,,,,
1533234840,8/2/18 11:34,Sills,M,F,20,,,,,,M:Q,F:Q,, ;,,,,,,,,,,,,,,,
1532977911,7/30/18 12:11,Skinner,F,M,4,,,,,,M:Q,M:Q,, ;,,,,,,,,,,,,,,,
1532977911,7/30/18 12:11,Skinner,F,M,4,,,,,,M:Q,M:Q,M:Q,,Talk starts 14:58 Talk ends 15:08 Q/A ends 15:11 ;,,,,,,,,,,,,,,
1532977984,7/30/18 12:13,Skinner,,,4,,,,,,M:Q,M:Q,M:Q,, ;,,,,,,,,,,,,,,
1532968683,7/30/18 9:38,Smiljanic,F,M,10,,,,,,F:Q,M:Q,M:Q,,Didn’t catch last name. Talk about Metal poor stars ;,,,,,,,,,,,,,,
1532968684,7/30/18 9:38,Smiljanic,F,M,10,,,,,,F:Q,M:Q,M:Q,, ;,,,,,,,,,,,,,,
1532968686,7/30/18 9:38,Smiljanic,,,10,,,,,,F:Q,M:Q,M:Q,, ;,,,,,,,,,,,,,,
1532968688,7/30/18 9:38,Smiljanic,F,M,10,,,,,,F:Q,M:Q,M:Q,, ;,,,,,,,,,,,,,,
1532968688,7/30/18 9:38,Smiljanic,F,M,10,,,,,,F:Q,M:Q,M:Q,, ;,,,,,,,,,,,,,,
1532968690,7/30/18 9:38,Smiljanic,F,M,10,,,,,,F:Q,M:Q,M:Q,,Talk starts 12:25 Talk ends 12:35 Q/A ends 12:38 ;,,,,,,,,,,,,,,
1532968691,7/30/18 9:38,Smiljanic,F,M,10,,,,,,F:Q,M:Q,M:Q,, ;,,,,,,,,,,,,,,
1532968692,7/30/18 9:38,Smiljanic,F,M,10,,,,,,F:Q,M:Q,M:Q,, ;,,,,,,,,,,,,,,
1532968695,7/30/18 9:38,Smiljanic,F,M,10,,,,,,F:Q,M:Q,M:Q,, ;,,,,,,,,,,,,,,
1532968714,7/30/18 9:38,Smiljanic,F,M,10,,,,,,F:Q,M:Q,M:Q,, ;,,,,,,,,,,,,,,
1532968824,7/30/18 9:40,Smiljanic,F,M,10,,,,,,F:Q,M:Q,M:Q,, ;,,,,,,,,,,,,,,
1532976377,7/30/18 11:46,Somers,M,M,2,,,,,,M:Q,M:Q,, ;,,,,,,,,,,,,,,,
1533242168,8/2/18 13:36,Testa,M,F,,,,,,,M:Q,F:Q,M:Q,M:C,M:Q,,This was a 13 minute talk with 4 minutes for questions as part of the DKIST splinter session at Cool Stars 20.  ;,,,,,,,,,,,,
1532957001,7/30/18 6:23,Thevenin,F,M,,,,,,,M:Q,M:Q,M:Q,M:Q,, ;,,,,,,,,,,,,,
1532957002,7/30/18 6:23,Thevenin,F,M,,,,,,,F:Q,M:Q,M:Q,M:Q,M:C,F:Q,,First question by female chair. Male comment on previous question. Last question by female chair. ;,,,,,,,,,,,
1532957003,7/30/18 6:23,Thevenin,F,M,,,,,,,F:Q,M:Q,M:Q,M:C,F:Q,,First question from (female) chair. Last question from (female) chair. Only female questions asked by chair. ;,,,,,,,,,,,,
1532957006,7/30/18 6:23,Thevenin,F,M,,,,,,,M:Q,M:Q,M:Q,M:C,F:Q,,M:C was an audience member from the speaker's team who was called on to answer a question; final question was by chair ;,,,,,,,,,,,,
1532957008,7/30/18 6:23,Thevenin,F,M,,,,,,,M:Q,M:Q,M:Q,M:C,F:Q,, ;,,,,,,,,,,,,
1532957009,7/30/18 6:23,Thevenin,F,M,,,,,,,M:Q,M:Q,M:Q,F:Q,,Speaker referred the 3rd question to a colleague in the audience (the colleague was male). 4th question was from the session chair. ;,,,,,,,,,,,,,
1532957011,7/30/18 6:23,Thevenin,F,M,,,,,,,F:Q,M:Q,M:Q,M:Q,M:C,M:Q,F:Q,, ;,,,,,,,,,,
1532957012,7/30/18 6:23,Thevenin,F,M,,,,,,,F:Q,M:Q,M:Q,M:Q,F:Q,,Counting chair prerogative question. Also, chair insisted on taking the first three questions whose hands went up. And I might have missed one before the final FQ.  ;,,,,,,,,,,,
1532957012,7/30/18 6:23,Thevenin,F,M,,,,,,,M:Q,M:Q,M:Q,,Chair asked her own question at end  ;,,,,,,,,,,,,,,
1532957013,7/30/18 6:23,Thevenin,F,M,,,,,,,F:Q,M:Q,M:Q,M:Q,F:Q,,Female questions were from the chair. ;,,,,,,,,,,,,
1532957014,7/30/18 6:23,Thevenin,F,M,,,,,,,F:Q,M:Q,M:Q,M:Q,F:Q,,Chair (female) asked a question before the audience questions begun and the last question. No female questions from audience. ;,,,,,,,,,,,,
1532957021,7/30/18 6:23,Thevenin,F,M,,,,,,,M:Q,M:Q,M:Q,, ;,,,,,,,,,,,,,,
1532957025,7/30/18 6:23,Thevenin,F,M,,,,,,,F:Q,M:Q,M:Q,M:Q,F:Q,,(includes first and last questions by FirstName the chair) ;,,,,,,,,,,,,
1532957770,7/30/18 6:36,Thevenin,F,M,,,,,,,M:Q,M:Q,M:Q,M:Q,, ;,,,,,,,,,,,,,
1533227595,8/2/18 9:33,Tofflemire,M,M,0,,,,,,M:Q,F:Q,F:Q,M:Q,, ;,,,,,,,,,,,,,
1533227595,8/2/18 9:33,Tofflemire,M,M,0,,,,,,M:Q,F:Q,F:Q,M:Q,, ;,,,,,,,,,,,,,
1533227599,8/2/18 9:33,Tofflemire,M,M,0,,,,,,M:Q,F:Q,F:Q,M:Q,, ;,,,,,,,,,,,,,
1533227603,8/2/18 9:33,Tofflemire,M,M,0,,,,,,M:Q,F:C,F:Q,F:Q,M:Q,, ;,,,,,,,,,,,,
1533227603,8/2/18 9:33,Tofflemire,M,M,0,,,,,,M:Q,F:Q,F:Q,M:Q,, ;,,,,,,,,,,,,,
1533227616,8/2/18 9:33,Tofflemire,M,M,0,,,,,,M:Q,F:Q,F:Q,M:Q,, ;,,,,,,,,,,,,,
1533227676,8/2/18 9:34,Tofflemire,M,M,0,,,,,,M:Q,F:Q,M:Q,, ;,,,,,,,,,,,,,,
1533227677,8/2/18 9:34,Tofflemire,M,M,0,,,,,,M:Q,F:Q,F:Q,M:Q,, ;,,,,,,,,,,,,,
1533234561,8/2/18 11:29,Tofflemire,M,M,0,,,,,,M:Q,F:Q,F:Q,M:Q,, ;,,,,,,,,,,,,,
1533068999,7/31/18 13:29,Uitenbroek ,M,M,SR,,,,,,F:Q,F:Q,, ;,,,,,,,,,,,,,,,
1533130528,8/1/18 6:35,Valenti,F,M,SR,,,,,,M:Q,M:C,M:Q,F:Q,M:Q,, ;,,,,,,,,,,,,
1533130532,8/1/18 6:35,Valenti,F,M,SR,,,,,,M:Q,M:C,M:Q,F:Q,M:Q,, ;,,,,,,,,,,,,
1533130533,8/1/18 6:35,Valenti,F,M,SR,,,,,,M:Q,M:C,M:Q,F:Q,M:Q,, ;,,,,,,,,,,,,
1533130534,8/1/18 6:35,Valenti,F,M,SR,,,,,,M:Q,M:C,M:Q,F:Q,M:Q,, ;,,,,,,,,,,,,
1533130536,8/1/18 6:35,Valenti,F,M,SR,,,,,,M:Q,M:C,M:Q,F:Q,M:Q,,Male comment was long and rambling, not cut off of chair.  ;,,,,,,,,,,,
1533130544,8/1/18 6:35,Valenti,F,M,SR,,,,,,M:Q,M:C,M:Q,F:Q,M:Q,, ;,,,,,,,,,,,,
1533130552,8/1/18 6:35,Valenti,F,M,SR,,,,,,M:Q,M:C,M:Q,F:Q,M:Q,, ;,,,,,,,,,,,,
1533130554,8/1/18 6:35,Valenti,F,M,SR,,,,,,M:Q,M:C,M:Q,F:Q,M:Q,, ;,,,,,,,,,,,,
1533130565,8/1/18 6:36,Valenti,F,M,SR,,,,,,M:Q,M:C,M:Q,F:Q,,Talk starts 09:19 Talk ends 09:30 Q/A ends 09:35 ;,,,,,,,,,,,,,
1533130612,8/1/18 6:36,Valenti,F,M,SR,,,,,,M:Q,M:C,M:Q,F:Q,M:Q,, ;,,,,,,,,,,,,
1533130868,8/1/18 6:41,Valenti,F,M,SR,,,,,,M:Q,M:C,M:Q,F:Q,, ;,,,,,,,,,,,,,
1533131153,8/1/18 6:45,Valenti,F,M,SR,,,,,,M:Q,M:C,M:Q,F:Q,M:Q,, ;,,,,,,,,,,,,
1532964690,7/30/18 8:31,Vallenari,F,F,,,,,,,F:Q,M:Q,F:Q,, ;,,,,,,,,,,,,,,
1532964691,7/30/18 8:31,Vallenari,F,F,,,,,,,F:Q,M:Q,F:Q,,(invited talk, new chair (F) ) ;,,,,,,,,,,,,,
1532964697,7/30/18 8:31,Vallenari,F,F,,,,,,,F:Q,M:Q,F:Q,,Talk starts 10:58 (scheduled 10:55) Talk ends 11:26 Q/A ends 11:31 ;,,,,,,,,,,,,,,
1532964699,7/30/18 8:31,Vallenari,F,F,,,,,,,F:Q,M:Q,F:Q,, ;,,,,,,,,,,,,,,
1532964700,7/30/18 8:31,Vallenari,F,F,,,,,,,F:Q,M:Q,F:Q,,No questions initial, chair asked again, specifically mentioning certain topics in the talk and waited ample time, eventually questions got asked, first by a woman. ;,,,,,,,,,,
1532964701,7/30/18 8:31,Vallenari,F,F,,,,,,,F:Q,M:Q,F:Q,, ;,,,,,,,,,,,,,,
1532964722,7/30/18 8:32,Vallenari,F,F,,,,,,,F:Q,M:Q,F:Q,,Struggle for questions initially. ;,,,,,,,,,,,,,,
1532965460,7/30/18 8:44,Vallenari,F,F,,,,,,,F:Q,M:Q,M:C,F:Q,, ;,,,,,,,,,,,,,
1532964699,7/30/18 8:31,Vallenari,F,F,,,,,,,F:Q,M:Q,F:Q,, ;,,,,,,,,,,,,,,
1532986591,7/30/18 14:36,van Saders,F,F,4,,,,,,F:Q,F:Q,, ;,,,,,,,,,,,,,,,
1532986592,7/30/18 14:36,van Saders,M,F,4,,,,,,F:Q,M:Q,,Talk starts 17:20 Talk ends  17:33 Q/A ends 17:36 ;,,,,,,,,,,,,,,,
1532986638,7/30/18 14:37,van Saders,M,F,4,,,,,,F:Q,F:Q,, ;,,,,,,,,,,,,,,,
1532994889,7/30/18 16:54,van Saders,M,F,4,,,,,,F:Q,F:Q,, ;,,,,,,,,,,,,,,,
1533008362,7/30/18 20:39,van Saders,M,F,4,,,,,,F:Q,F:Q,,didnt press submit earlier! ;,,,,,,,,,,,,,,,
1532964709,7/30/18 8:31,Vallenari,F,F,,,,,,,F:Q,M:Q,F:Q,,Very long no-question time before the first question. ;,,,,,,,,,,,,,,
1532964690,7/30/18 8:31,Vallenari,F,F,,,,,,,F:Q,M:Q,M:C,F:Q,, ;,,,,,,,,,,,,,
1533061725,7/31/18 11:28,Villadsen,F,F,,,,,,,M:Q,M:Q,, ;,,,,,,,,,,,,,,,
1533311885,8/3/18 8:58,Vos,F,F,,,,,,,F:Q,M:Q,, ;,,,,,,,,,,,,,,,
1533311887,8/3/18 8:58,Vos,F,F,,,,,,,M:Q,M:Q,, ;,,,,,,,,,,,,,,,
1533311887,8/3/18 8:58,Vos,F,F,,,,,,,M:Q,M:Q,, ;,,,,,,,,,,,,,,,
1533311889,8/3/18 8:58,Vos,F,F,,,,,,,M:Q,M:Q,, ;,,,,,,,,,,,,,,,
1533311889,8/3/18 8:58,Vos,F,F,,,,,,,M:Q,M:Q,, ;,,,,,,,,,,,,,,,
1533311890,8/3/18 8:58,Vos,F,,,,,,,,M:Q,M:Q,, ;,,,,,,,,,,,,,,,
1533311891,8/3/18 8:58,Vos,F,F,,,,,,,M:Q,M:Q,, ;,,,,,,,,,,,,,,,
1533311891,8/3/18 8:58,Vos,F,F,,,,,,,M:Q,M:Q,, ;,,,,,,,,,,,,,,,
1533311893,8/3/18 8:58,Vos,F,F,,,,,,,M:Q,M:Q,,Talk starts 11:43 Talk ends 11:55 Q/A ends 11:57 ;,,,,,,,,,,,,,,,
1533311896,8/3/18 8:58,Vos,F,F,,,,,,,M:Q,M:Q,, ;,,,,,,,,,,,,,,,
1533311900,8/3/18 8:58,Vos,F,F,,,,,,,M:Q,M:Q,, ;,,,,,,,,,,,,,,,
1533241221,8/2/18 13:20,Warren,M,M,,,,,,,M:Q,M:Q,M:Q,M:Q,,This was a 13 minute talk with 4 minute for questions as part of the DKIST splinter session at Cool Stars 20. ;,,,,,,,,,,,,,
1533043212,7/31/18 6:20,Weber,M,F,,,,,,,M:Q,,,clarification on plot ;,,,,,,,,,,,,,,,
1533043231,7/31/18 6:20,Weber,M,F,,,,,,,M:Q,, ;,,,,,,,,,,,,,,,,
1533043390,7/31/18 6:23,Weber,M,F,,,,,,,M:Q,M:Q,F:Q,, ;,,,,,,,,,,,,,,
1533043395,7/31/18 6:23,Weber,M,F,,,,,,,F:Q,, ;,,,,,,,,,,,,,,,,
1533043396,7/31/18 6:23,Weber,M,F,,,,,,,M:Q,M:Q,F:Q,, ;,,,,,,,,,,,,,,
1533043396,7/31/18 6:23,Weber,M,F,,,,,,,M:Q,M:Q,F:Q,, ;,,,,,,,,,,,,,,
1533043397,7/31/18 6:23,Weber,M,F,,,,,,,M:Q,M:Q,F:Q,, ;,,,,,,,,,,,,,,
1533043397,7/31/18 6:23,Weber,M,F,,,,,,,M:Q,M:Q,F:Q,, ;,,,,,,,,,,,,,,
1533043398,7/31/18 6:23,Weber,M,F,,,,,,,M:Q,M:Q,F:Q,, ;,,,,,,,,,,,,,,
1533043398,7/31/18 6:23,Weber,M,F,,,,,,,M:Q,M:Q,F:Q,,Talk starts 09:07 Talk ends 09:18 Q/A ends 09:23 ;,,,,,,,,,,,,,,
1533043400,7/31/18 6:23,Weber,M,F,,,,,,,M:Q,M:Q,F:Q,, ;,,,,,,,,,,,,,,
1533043401,7/31/18 6:23,Weber,M,F,,,,,,,M:Q,M:Q,F:C,, ;,,,,,,,,,,,,,,
1533043407,7/31/18 6:23,Weber,M,F,,,,,,,M:Q,M:Q,M:C,F:Q,, ;,,,,,,,,,,,,,
1533043418,7/31/18 6:23,Weber,M,F,,,,,,,M:Q,M:Q,F:Q,, ;,,,,,,,,,,,,,,
1533043431,7/31/18 6:23,Weber,M,F,,,,,,,M:Q,M:Q,F:Q,, ;,,,,,,,,,,,,,,
1533043524,7/31/18 6:25,Weber,M,F,,,,,,,M:Q,M:Q,F:Q,, ;,,,,,,,,,,,,,,
1533043567,7/31/18 6:26,Weber,M,F,,,,,,,M:Q,M:Q,F:Q,, ;,,,,,,,,,,,,,,
1532976067,7/30/18 11:41,Weingrill ,M,M,,,,,,,F:Q,M:C,M:C,M:Q,,the comment floodgates have opened... ;,,,,,,,,,,,,,
1532976079,7/30/18 11:41,Weingrill ,M,M,,,,,,,F:Q,M:C,M:C,M:Q,, ;,,,,,,,,,,,,,
1532976081,7/30/18 11:41,Weingrill ,M,M,,,,,,,F:Q,M:C,M:C,M:Q,, ;,,,,,,,,,,,,,
1532976082,7/30/18 11:41,Weingrill ,M,M,,,,,,,F:Q,M:C,M:C,M:Q,, ;,,,,,,,,,,,,,
1532976094,7/30/18 11:41,Weingrill ,M,M,,,,,,,F:Q,M:C,M:C,M:Q,, ;,,,,,,,,,,,,,
1532976448,7/30/18 11:47,Weingrill ,M,M,,,,,,,F:Q,M:C,M:C,M:Q,, ;,,,,,,,,,,,,,
1533143275,8/1/18 10:07,Witzke,M,F,,,,,,,M:Q,M:Q,, ;,,,,,,,,,,,,,,,
1533143284,8/1/18 10:08,Witzke,M,F,,,,,,,M:Q,M:Q,, ;,,,,,,,,,,,,,,,
1533151877,8/1/18 12:31,Witzke,M,F,,,,,,,M:Q,M:Q,, ;,,,,,,,,,,,,,,,
1532965780,7/30/18 8:49,Wright,F,M,9,,,,,,F:Q,M:Q,M:Q,M:Q,F:Q,, ;,,,,,,,,,,,,
1532965781,7/30/18 8:49,Wright,F,M,9,,,,,,F:Q,M:Q,M:Q,M:Q,F:Q,, ;,,,,,,,,,,,,
1532965787,7/30/18 8:49,Wright,F,M,9,,,,,,F:Q,M:Q,M:Q,F:Q,, ;,,,,,,,,,,,,,
1532965788,7/30/18 8:49,Wright,F,M,9,,,,,,F:Q,M:Q,M:Q,M:Q,F:Q,, ;,,,,,,,,,,,,
1532965790,7/30/18 8:49,Wright,F,M,9,,,,,,F:Q,M:Q,M:Q,M:Q,F:Q,, ;,,,,,,,,,,,,
1532965790,7/30/18 8:49,Wright,F,M,9,,,,,,F:Q,M:Q,M:Q,M:Q,F:Q,, ;,,,,,,,,,,,,
1532965794,7/30/18 8:49,Wright,F,M,9,,,,,,F:Q,M:Q,M:Q,M:Q,F:Q,,Talk starts 11:32 Talk ends 11:43 Q/A ends 11:49 ;,,,,,,,,,,,,
1532965794,7/30/18 8:49,Wright,F,M,9,,,,,,F:Q,M:Q,M:Q,M:Q,F:Q,, ;,,,,,,,,,,,,
1532965795,7/30/18 8:49,Wright,F,M,9,,,,,,F:Q,M:Q,M:Q,M:Q,F:Q,, ;,,,,,,,,,,,,
1532965798,7/30/18 8:49,Wright,F,M,9,,,,,,F:Q,M:Q,M:Q,F:Q,,might have missed a question (perhaps the second one) ;,,,,,,,,,,,,,
1532965809,7/30/18 8:50,Wright,F,M,9,,,,,,F:Q,M:Q,M:Q,M:Q,F:C,, ;,,,,,,,,,,,,
1532965832,7/30/18 8:50,Wright,F,M,9,,,,,,M:Q,M:Q,F:Q,, ;,,,,,,,,,,,,,,
1532965838,7/30/18 8:50,Wright,F,M,9,,,,,,F:Q,M:Q,M:Q,M:Q,F:Q,, ;,,,,,,,,,,,,
1532966269,7/30/18 8:57,Wright,F,M,9,,,,,,F:Q,M:Q,M:Q,M:Q,F:Q,, ;,,,,,,,,,,,,
1532959094,7/30/18 6:58,Zari,F,F,0,,,,,,F:Q,M:C,, ;,,,,,,,,,,,,,,,
1532959095,7/30/18 6:58,Zari,F,F,0,,,,,,F:Q,M:C,, ;,,,,,,,,,,,,,,,
1532959098,7/30/18 6:58,Zari,F,F,0,,,,,,F:Q,M:C,, ;,,,,,,,,,,,,,,,
1532959100,7/30/18 6:58,Zari,F,F,0,,,,,,F:Q,M:Q,, ;,,,,,,,,,,,,,,,
1532959100,7/30/18 6:58,Zari,F,F,0,,,,,,F:Q,M:C,, ;,,,,,,,,,,,,,,,
1532959100,7/30/18 6:58,Zari,F,F,0,,,,,,F:Q,M:Q,, ;,,,,,,,,,,,,,,,
1532959101,7/30/18 6:58,Zari,F,F,0,,,,,,F:Q,M:C,, ;,,,,,,,,,,,,,,,
1532959105,7/30/18 6:58,Zari,F,F,0,,,,,,F:Q,M:C,, ;,,,,,,,,,,,,,,,
1532959107,7/30/18 6:58,Zari,F,F,0,,,,,,F:Q,M:C,,Talk starts 09:44 (scheduled 09:35) Talk ends 09:56, questions end 09:58. ;,,,,,,,,,,,,,,
1532959107,7/30/18 6:58,Zari,F,F,0,,,,,,F:Q,M:C,, ;,,,,,,,,,,,,,,,
1532959108,7/30/18 6:58,Zari,F,F,0,,,,,,F:Q,M:C,, ;,,,,,,,,,,,,,,,
1532959115,7/30/18 6:58,Zari,F,F,0,,,,,,F:Q,M:Q,, ;,,,,,,,,,,,,,,,
1532959194,7/30/18 6:59,Zari,F,F,0,,,,,,F:Q,M:Q,, ;,,,,,,,,,,,,,,,
1533063935,7/31/18 12:05,Zic,F,M,,,,,,,M:Q,M:Q,, ;,,,,,,,,,,,,,,,
1533063939,7/31/18 12:05,Zic,F,M,,,,,,,M:Q,M:Q,, ;,,,,,,,,,,,,,,,
1533063944,7/31/18 12:05,Zic,F,M,,,,,,,M:Q,M:Q,, ;,,,,,,,,,,,,,,,