1532912195,2018-07-29 17:56:35,Ricker, opening talk,M,M,F:Q,F:Q,M:C,M:Q,M:Q,, ;
1532957001,2018-07-30 06:23:21,Thevanin,F,M,M:Q,M:Q,M:Q,M:Q,, ;
1532957002,2018-07-30 06:23:22,Thevenin,F,M,F:Q,M:Q,M:Q,M:Q,M:C,F:Q,,First question by female chair. Male comment on previous question. Last question by female chair. ;
1532957003,2018-07-30 06:23:23,Thevenin,F,M,F:Q,M:Q,M:Q,M:C,F:Q,,First question from (female) chair. Last question from (female) chair. Only female questions asked by chair. ;
1532957006,2018-07-30 06:23:26,Thevenin,F,M,M:Q,M:Q,M:Q,M:C,F:Q,,M:C was an audience member from the speaker's team who was called on to answer a question; final question was by chair ;
1532957008,2018-07-30 06:23:28,Thevenin,F,M,M:Q,M:Q,M:Q,M:C,F:Q,, ;
1532957009,2018-07-30 06:23:29,Thevenin,F,M,M:Q,M:Q,M:Q,F:Q,,Speaker referred the 3rd question to a colleague in the audience (the colleague was male). 4th question was from the session chair. ;
1532957011,2018-07-30 06:23:31,Thevenin,F,M,F:Q,M:Q,M:Q,M:Q,M:C,M:Q,F:Q,, ;
1532957012,2018-07-30 06:23:32,Thevenin,F,M,F:Q,M:Q,M:Q,M:Q,F:Q,,Counting chair prerogative question. Also, chair insisted on taking the first three questions whose hands went up. And I might have missed one before the final FQ.  ;
1532957012,2018-07-30 06:23:32,Thevenin,F,M,M:Q,M:Q,M:Q,,Chair asked her own question at end  ;
1532957013,2018-07-30 06:23:33,Thevenin,F,M,F:Q,M:Q,M:Q,M:Q,F:Q,,Female questions were from the chair. ;
1532957014,2018-07-30 06:23:34,Thevenin,F,M,F:Q,M:Q,M:Q,M:Q,F:Q,,Chair (female) asked a question before the audience questions begun and the last question. No female questions from audience. ;
1532957021,2018-07-30 06:23:41,Thevenin,F,M,M:Q,M:Q,M:Q,, ;
1532957025,2018-07-30 06:23:45,Thevenin,F,M,F:Q,M:Q,M:Q,M:Q,F:Q,,(includes first and last questions by FirstName the chair) ;
1532957770,2018-07-30 06:36:10,Thevenin,F,M,M:Q,M:Q,M:Q,M:Q,, ;
1532958168,2018-07-30 06:42:48,Bedell,F,F,F:Q,M:Q,M:Q,M:Q,F:Q,M:Q,, ;
1532958171,2018-07-30 06:42:51,Bedell,F,F,F:Q,M:Q,M:Q,M:Q,F:Q,M:Q,, ;
1532958172,2018-07-30 06:42:52,Bedell,F,F,F:Q,M:Q,M:Q,M:Q,F:Q,M:Q,, ;
1532958176,2018-07-30 06:42:56,Bedell,F,F,F:Q,M:Q,M:Q,M:Q,F:Q,M:Q,, ;
1532958176,2018-07-30 06:42:56,Bedell,F,F,F:Q,M:Q,M:Q,M:Q,F:Q,M:Q,, ;
1532958182,2018-07-30 06:43:02,Bedell,F,F,F:Q,M:Q,M:Q,M:Q,F:Q,M:Q,, ;
1532958189,2018-07-30 06:43:09,Bedell,F,F,F:Q,M:Q,M:Q,M:Q,F:Q,M:Q,, ;
1532958231,2018-07-30 06:43:51,Bedell,F,F,F:Q,M:Q,M:Q,M:Q,F:Q,M:Q,,FirstName LastName, loudish bickering from FirstName LastName;
1532958241,2018-07-30 06:44:01,Bedell,F,F,F:Q,M:Q,M:Q,M:Q,F:Q,M:Q,, ;
1532958263,2018-07-30 06:44:23,Bedell,F,F,F:Q,M:Q,M:Q,F:Q,M:Q,, ;
1532958264,2018-07-30 06:44:24,Bedell,F,F,F:Q,M:Q,M:Q,M:Q,F:Q,M:Q,, ;
1532958980,2018-07-30 06:56:20,Bedell,F,F,F:Q,M:Q,M:Q,M:Q,F:Q,M:Q,, ;
1532960001,2018-07-30 07:13:21,Bedell,F,F,F:Q,M:Q,M:Q,F:Q,M:Q,, ;
1532959094,2018-07-30 06:58:14,Zari,F,F,F:Q,M:C,, ;
1532959095,2018-07-30 06:58:15,Zari,F,F,F:Q,M:C,, ;
1532959098,2018-07-30 06:58:18,Zari,F,F,F:Q,M:C,, ;
1532959100,2018-07-30 06:58:20,Zari,F,F,F:Q,M:Q,, ;
1532959100,2018-07-30 06:58:20,Zari,F,F,F:Q,M:C,, ;
1532959100,2018-07-30 06:58:20,Zari,F,F,F:Q,M:Q,, ;
1532959101,2018-07-30 06:58:21,Zari,F,F,F:Q,M:C,, ;
1532959105,2018-07-30 06:58:25,Zari,F,F,F:Q,M:C,, ;
1532959107,2018-07-30 06:58:27,Zari,F,F,F:Q,M:C,,Talk starts 09:44 (scheduled 09:35) Talk ends 09:56, questions end 09:58. ;
1532959107,2018-07-30 06:58:27,Zari,F,F,F:Q,M:C,, ;
1532959108,2018-07-30 06:58:28,Zari,F,F,F:Q,M:C,, ;
1532959115,2018-07-30 06:58:35,Zari,F,F,F:Q,M:Q,, ;
1532959194,2018-07-30 06:59:54,Zari,F,F,F:Q,M:Q,, ;
1532960233,2018-07-30 07:17:13,Davenport,F,M,F:Q,M:Q,F:Q,F:Q,,Pointed out gender in questions. ;
1532960234,2018-07-30 07:17:14,Davenport,F,M,F:Q,M:Q,F:Q,F:Q,, ;
1532960234,2018-07-30 07:17:14,Davenport,F,M,F:Q,M:Q,F:Q,F:Q,, ;
1532960234,2018-07-30 07:17:14,Davenport,F,M,F:Q,M:Q,F:Q,F:Q,,Astrogender commercial ;
1532960235,2018-07-30 07:17:15,Davenport,F,M,F:Q,M:Q,F:Q,F:Q,,We are awesome? You are awesome. :-) ;
1532960240,2018-07-30 07:17:20,Davenport,F,M,F:Q,M:Q,F:Q,F:Q,, ;
1532960244,2018-07-30 07:17:24,Davenport,F,M,F:Q,M:Q,F:Q,F:Q,,Talk starts at 09:59 (scheduled 09:50) Talk ends at 10:12, Questions end 10:17. Davenport brought up this issue (Gender), so frequency for this talk might be affected ;
1532960302,2018-07-30 07:18:22,Davenport,F,M,F:Q,M:Q,F:Q,, ;
1532960323,2018-07-30 07:18:43,Davenport,F,M,F:Q,M:Q,F:Q,F:Q,, ;
1532960373,2018-07-30 07:19:33,Davenport,F,M,F:Q,M:Q,F:Q,F:Q,, ;
1532962806,2018-07-30 08:00:06,Davenport,F,M,F:Q,M:Q,F:Q,F:Q,, ;
1532964483,2018-07-30 08:28:03,Davenport,F,M,F:Q,M:Q,F:Q,F:Q,, ;
1532964690,2018-07-30 08:31:30,Vallenari,F,F,F:Q,M:Q,F:Q,, ;
1532964690,2018-07-30 08:31:30,Vellenari ,F,F,F:Q,M:Q,M:C,F:Q,, ;
1532964691,2018-07-30 08:31:31,Vallenari,F,F,F:Q,M:Q,F:Q,,(invited talk, new chair (F) ) ;
1532964697,2018-07-30 08:31:37,Vallenari,F,F,F:Q,M:Q,F:Q,,Talk starts 10:58 (scheduled 10:55) Talk ends 11:26 Q/A ends 11:31 ;
1532964699,2018-07-30 08:31:39,Vallenari,F,F,F:Q,M:Q,F:Q,, ;
1532964699,2018-07-30 08:31:39,Vallerini,F,F,F:Q,M:Q,F:Q,, ;
1532964700,2018-07-30 08:31:40,Vallenari,F,F,F:Q,M:Q,F:Q,,No questions initial, chair asked again, specifically mentioning certain topics in the talk and waited ample time, eventually questions got asked, first by a woman. ;
1532964701,2018-07-30 08:31:41,Vallenari,F,F,F:Q,M:Q,F:Q,, ;
1532964709,2018-07-30 08:31:49,Vellenari,F,F,F:Q,M:Q,F:Q,,Very long no-question time before the first question. ;
1532964722,2018-07-30 08:32:02,Vallenari,F,F,F:Q,M:Q,F:Q,,Struggle for questions initially. ;
1532965460,2018-07-30 08:44:20,Vallenari,F,F,F:Q,M:Q,M:C,F:Q,, ;
1532965780,2018-07-30 08:49:40,Wright,F,M,F:Q,M:Q,M:Q,M:Q,F:Q,, ;
1532965781,2018-07-30 08:49:41,Nick wright,F,M,F:Q,M:Q,M:Q,M:Q,F:Q,, ;
1532965787,2018-07-30 08:49:47,Wright,F,M,F:Q,M:Q,M:Q,F:Q,, ;
1532965788,2018-07-30 08:49:48,Nicholas Wright,F,M,F:Q,M:Q,M:Q,M:Q,F:Q,, ;
1532965790,2018-07-30 08:49:50,Nicholas J. Wright,F,M,F:Q,M:Q,M:Q,M:Q,F:Q,, ;
1532965790,2018-07-30 08:49:50,Wright,F,M,F:Q,M:Q,M:Q,M:Q,F:Q,, ;
1532965794,2018-07-30 08:49:54,Nicholas J. Wright,F,M,F:Q,M:Q,M:Q,M:Q,F:Q,,Talk starts 11:32 Talk ends 11:43 Q/A ends 11:49 ;
1532965794,2018-07-30 08:49:54,Nick Wright,F,M,F:Q,M:Q,M:Q,M:Q,F:Q,, ;
1532965795,2018-07-30 08:49:55,N Wright ,F,M,F:Q,M:Q,M:Q,M:Q,F:Q,, ;
1532965798,2018-07-30 08:49:58,Nicholas Wright,F,M,F:Q,M:Q,M:Q,F:Q,,might have missed a question (perhaps the second one) ;
1532965809,2018-07-30 08:50:09,Nicholas J. Wright,F,M,F:Q,M:Q,M:Q,M:Q,F:C,, ;
1532965832,2018-07-30 08:50:32,CS20 - N. Wright,F,M,M:Q,M:Q,F:Q,, ;
1532965838,2018-07-30 08:50:38,Wright,F,M,F:Q,M:Q,M:Q,M:Q,F:Q,, ;
1532966269,2018-07-30 08:57:49,Nicholas Wright,F,M,F:Q,M:Q,M:Q,M:Q,F:Q,, ;
1532966765,2018-07-30 09:06:05,Kounkel,F,F,M:Q,F:Q,F:Q,F:Q,F:Q,M:Q,,Fourth question from the chair. ;
1532966765,2018-07-30 09:06:05,Kounkel,F,F,M:Q,F:Q,F:Q,F:Q,F:Q,M:Q,,Chair (Female) asked 4th question. ;
1532966766,2018-07-30 09:06:06,Marina Kournel,F,F,M:Q,F:Q,F:Q,F:Q,F:Q,M:Q,, ;
1532966773,2018-07-30 09:06:13,Marina Kounkel,F,F,M:Q,F:Q,F:Q,F:Q,F:Q,M:Q,, ;
1532966774,2018-07-30 09:06:14,Marina Kounkel,F,F,M:Q,F:Q,F:Q,F:Q,F:Q,M:Q,,4th question was from the session chair. ;
1532966778,2018-07-30 09:06:18,Marina Kounkel,F,F,M:Q,F:Q,F:Q,M:Q,M:Q,,Talk starts 11:50 Talk ends 12:01 Q/A ends 12:06 3rd question by female chair.  ;
1532966783,2018-07-30 09:06:23,Kounkel,F,F,M:Q,F:Q,F:Q,F:Q,F:Q,M:Q,, ;
1532966793,2018-07-30 09:06:33,Marina Kounkel,F,F,M:Q,F:Q,F:Q,F:Q,M:Q,, ;
1532966798,2018-07-30 09:06:38,Kounkel,F,F,M:Q,F:Q,F:Q,F:Q,F:Q,M:Q,, ;
1532967144,2018-07-30 09:12:24,Marina Kounkel,F,F,M:Q,F:Q,F:Q,F:Q,F:Q,M:Q,, ;
1532967527,2018-07-30 09:18:47,Marina Kounkel,F,F,M:Q,F:Q,F:Q,M:Q, ;
1532967629,2018-07-30 09:20:29,Laia Casamiquela,F,F,F:Q,M:Q,,First question was a "jokey" question asking to see the speaker's conclusions (which she'd run out of time to talk about) ;
1532967770,2018-07-30 09:22:50,Casamiquela ,F,F,M:Q,F:Q,M:Q,,First question by woman not really a question - just asking to show conclusions slide that was skipped ;
1532967771,2018-07-30 09:22:51,Casamiquela,F,F,F:Q,M:Q,F:Q,M:Q,, ;
1532967775,2018-07-30 09:22:55,Luci Casamiquela,F,F,F:Q,M:Q,F:Q,, ;
1532967776,2018-07-30 09:22:56,L. Casamiquela,F,F,F:Q,M:Q,F:Q,M:Q,, ;
1532967778,2018-07-30 09:22:58,Laia Casamiquela ,F,F,F:Q,M:Q,F:Q,M:Q,, ;
1532967780,2018-07-30 09:23:00,Casamiquela,F,F,F:Q,M:Q,F:Q,M:Q,, ;
1532967781,2018-07-30 09:23:01,L Casamiquela,F,F,F:Q,M:Q,F:Q,M:Q,, ;
1532967793,2018-07-30 09:23:13,Casamiquela,F,F,F:Q,M:Q,F:Q,M:Q,, ;
1532967820,2018-07-30 09:23:40,L. Casamiquela,F,F,F:Q,F:Q,M:Q,,Talk starts 12:06 Talk ends 12:18 Q/A ends 12:22 ;
1532967863,2018-07-30 09:24:23,Laia Casamiquela,F,F,F:Q,M:Q,F:Q,M:Q,, ;
1532968683,2018-07-30 09:38:03,Rodolfo,F,M,F:Q,M:Q,M:Q,,Didn’t catch last name. Talk about Metal poor stars ;
1532968684,2018-07-30 09:38:04,Smiljanic,F,M,F:Q,M:Q,M:Q,, ;
1532968686,2018-07-30 09:38:06,R Smiljanic ,,,F:Q,M:Q,M:Q,, ;
1532968688,2018-07-30 09:38:08,Rodolfo Smiljanic,F,M,F:Q,M:Q,M:Q,, ;
1532968688,2018-07-30 09:38:08,Smiljanic ,F,M,F:Q,M:Q,M:Q,, ;
1532968690,2018-07-30 09:38:10,Rodolfo Smiljanic,F,M,F:Q,M:Q,M:Q,,Talk starts 12:25
Talk ends 12:35
Q/A ends 12:38 ;
1532968691,2018-07-30 09:38:11,Smiljanic,F,M,F:Q,M:Q,M:Q,, ;
1532968692,2018-07-30 09:38:12,  Rodolfo Smiljanic,F,M,F:Q,M:Q,M:Q,, ;
1532968695,2018-07-30 09:38:15,Rodolfo Smiljanic,F,M,F:Q,M:Q,M:Q,, ;
1532968714,2018-07-30 09:38:34,Smiljanic,F,M,F:Q,M:Q,M:Q,, ;
1532968824,2018-07-30 09:40:24,Rodolfo Smiljanic,F,M,F:Q,M:Q,M:Q,, ;
1532974672,2018-07-30 11:17:52,E Amazo-Gomez,,,F:Q,F:Q,M:Q,, ;
1532974684,2018-07-30 11:18:04,Amazo-gomez,M,F,F:Q,F:Q,M:Q,, ;
1532974691,2018-07-30 11:18:11,Eliana Amazo-Gomez,M,F,F:Q,F:Q,M:Q,, ;
1532974701,2018-07-30 11:18:21,amazo-gomez,F,M,F:Q,F:Q,M:Q,, ;
1532974707,2018-07-30 11:18:27,Amazo-Gomez,M,F,F:Q,F:Q,M:Q,,This session seems to require people who are asking question to go to the microphones. No runners. ;
1532975244,2018-07-30 11:27:24,Jerome Orosz,M,M,F:Q,M:Q,, ;
1532975285,2018-07-30 11:28:05,Gagne,M,M,M:Q,F:Q,M:Q,,i might have missed the last one ;
1532975314,2018-07-30 11:28:34,Jonathan Gagne,M,M,M:Q,F:Q,M:Q,F:Q,, ;
1532975414,2018-07-30 11:30:14,Esselstein,M,F,M:Q,M:Q,M:C,,"Do you have any comments on my comment?" is not a question ;
1532975422,2018-07-30 11:30:22,Rebecca Esselstein,M,F,M:Q,M:Q,M:C,,The first questioner asked a follow up question.  ;
1532975424,2018-07-30 11:30:24,Esselstein,M,F,M:Q,M:Q,M:C,,Now have a runner for microphones. ;
1532975429,2018-07-30 11:30:29,Esselstein,M,F,M:Q,M:Q,M:Q,M:C,M:Q,, ;
1532975432,2018-07-30 11:30:32,R Esselstein ,,,M:Q,M:Q,M:C,,

 ;
1532975433,2018-07-30 11:30:33,Esselstein,,,M:Q,M:Q,M:Q,M:C,,first two Qs from same senior male scientist, 3rd Q came after some rambling, the C was an advertisement for that person's talk and they were forced to turn it into a "Q" ;
1532975564,2018-07-30 11:32:44,Jonathan Gagné, Splinter,F,M,M:Q,F:Q,M:Q,F:Q,,Talk starts 14:12
Talk ends 14:22
Q/A ends 14:27 ;
1532975642,2018-07-30 11:34:02,Jonathan Gagne (Monday splinter),M,M,M:Q,F:Q,M:Q,F:Q,, ;
1532976067,2018-07-30 11:41:07,Weingrill ,M,M,F:Q,M:C,M:C,M:Q,,the comment floodgates have opened... ;
1532976079,2018-07-30 11:41:19,J Weingrill ,M,M,F:Q,M:C,M:C,M:Q,, ;
1532976081,2018-07-30 11:41:21,Weingrill,M,M,F:Q,M:C,M:C,M:Q,, ;
1532976082,2018-07-30 11:41:22,Weingrill,M,M,F:Q,M:C,M:C,M:Q,, ;
1532976094,2018-07-30 11:41:34,Weingrill,M,M,F:Q,M:C,M:C,M:Q,, ;
1532976097,2018-07-30 11:41:37,Gaia Brown Dwarfs Talk 2,F,M,M:Q,M:Q,M:Q,,Both male and Female chairs  ;
1532976101,2018-07-30 11:41:41,Sebastien Lepine, Splinter,F,M,M:Q,M:Q,M:Q,,Talk starts 14:27 Talk ends 14:38 Q/A ends 14:41 ;
1532976108,2018-07-30 11:41:48,Sebestien Lepine,M,M,M:Q,M:Q,M:Q,, ;
1532976377,2018-07-30 11:46:17,Garrett Somers,M,M,M:Q,M:Q,, ;
1532976448,2018-07-30 11:47:28,Jörg Weingrill,M,M,F:Q,M:C,M:C,M:Q,, ;
1532977066,2018-07-30 11:57:46,Celine Reyle, Splinter,M,F,F:Q,M:C,F:Q,M:Q,,Talk starts 14:42 Talk ends 14:54 Q/A ends 14:57 ;
1532977084,2018-07-30 11:58:04,Celine Reyle,M,F,F:Q,M:C,F:Q,M:Q,, ;
1532977087,2018-07-30 11:58:07,Douglas,M,F,F:Q,M:Q,M:Q,, ;
1532977088,2018-07-30 11:58:08,Douglas,M,F,F:Q,M:Q,M:Q,, ;
1532977088,2018-07-30 11:58:08,Stephanie Douglas,M,F,F:Q,M:Q,M:Q,, ;
1532977097,2018-07-30 11:58:17,S Douglass ,M,F,F:Q,M:Q,M:Q,, ;
1532977100,2018-07-30 11:58:20,Stephanie Douglas,M,F,F:Q,M:Q,M:Q,, ;
1532977105,2018-07-30 11:58:25,Douglas,M,F,F:Q,M:Q,M:Q,, ;
1532977721,2018-07-30 12:08:41,Celine Reyle (monday splinter),,,F:Q,M:C,F:Q,M:Q,, ;
1532977911,2018-07-30 12:11:51,Julie Skinner,F,M,M:Q,M:Q,, ;
1532977911,2018-07-30 12:11:51,Julie Skinner, Splinter,F,M,M:Q,M:Q,M:Q,,Talk starts 14:58 Talk ends 15:08 Q/A ends 15:11 ;
1532977984,2018-07-30 12:13:04,Julie Skinner,,,M:Q,M:Q,M:Q,, ;
1532978027,2018-07-30 12:13:47,Beck,M,M,F:C,M:C,, ;
1532978029,2018-07-30 12:13:49,Paul Beck,M,M,F:C,M:C,, ;
1532978034,2018-07-30 12:13:54,Beck,M,M,F:C,M:C,, ;
1532978038,2018-07-30 12:13:58,Paul Beck,M,M,F:C,M:C,, ;
1532978043,2018-07-30 12:14:03,P Beck ,M,M,F:C,M:C,, ;
1532978045,2018-07-30 12:14:05,Beck,M,M,F:C,M:C,, ;
1532978052,2018-07-30 12:14:12,Beck,M,M,F:C,M:C,, ;
1532978112,2018-07-30 12:15:12,Splinter gyro,F,M,F:C,M:C,, ;
1532978595,2018-07-30 12:23:15,Stefanie Raetz,M,,M:Q,M:Q,M:C,, ;
1532978600,2018-07-30 12:23:20,Stefanie Raetz,M,F,M:Q,M:Q,M:C,,Questions were already answered in the talk ;
1532978600,2018-07-30 12:23:20,Raetz,M,F,M:Q,M:Q,M:C,, ;
1532978601,2018-07-30 12:23:21,Stefanie Raetz,M,F,M:Q,M:Q,M:C,, ;
1532978603,2018-07-30 12:23:23,Raetz,M,F,M:Q,M:Q,M:C,, ;
1532978606,2018-07-30 12:23:26,Raetz,M,F,?:Q, M:Q,M:C,,I forgot the first quesitoner's gender ;
1532978609,2018-07-30 12:23:29,Raetz,M,F,M:Q,M:Q,M:C,, ;
1532978615,2018-07-30 12:23:35,S Raetz,M,F,F:Q,M:Q,M:C,, ;
1532978903,2018-07-30 12:28:23,Will Best, Splinter,M,M,F:Q,F:Q,M:Q,F:Q,M:Q,,Talk starts 15:12 Talk ends 15:24 Q/A ends 15:28 ;
1532979575,2018-07-30 12:39:35,Ed Gillen,M,M,M:Q,, ;
1532979590,2018-07-30 12:39:50,Elizabeth Newton ,M,F,M:Q,M:Q,M:Q,M:C,M:Q,, ;
1532979672,2018-07-30 12:41:12,Newton,M,F,M:Q,M:Q,M:Q,M:C,M:Q,M:C,,number 5 repeated the first or second question ;
1532979674,2018-07-30 12:41:14,Newton,M,F,M:Q,M:Q,M:Q,M:C,M:Q,M:Q,, ;
1532979675,2018-07-30 12:41:15,Newton,M,F,M:Q,M:Q,M:Q,M:Q,M:Q,M:Q,, ;
1532979676,2018-07-30 12:41:16,E Newton ,M,F,M:Q,M:Q,M:Q,M:C,M:Q,M:Q,, ;
1532979682,2018-07-30 12:41:22,Elisabeth R. Newton,M,F,M:Q,M:Q,M:Q,M:C,M:C,M:Q,M:Q,, ;
1532979683,2018-07-30 12:41:23,Elisabeth Newton,M,F,M:Q,M:Q,M:Q,M:C,M:Q,M:Q,, ;
1532981134,2018-07-30 13:05:34,Newton,M,F,M:Q,M:Q,M:Q,M:Q,M:Q,, ;
1532981665,2018-07-30 13:14:25,William Best (Splinter Session),M,M,F:Q,F:Q,, ;
1532981732,2018-07-30 13:15:32,Federico Marocco,M,M,F:C,M:Q,M:Q,,CS20 Gaia Splinter ;
1532981746,2018-07-30 13:15:46,Federico Marocco,M,M,F:C,M:Q,M:Q,,Talk starts 16:03 Talk ends 16:13 Q/A ends 16:15 ;
1532981760,2018-07-30 13:16:00,Marocco,M,M,F:C,M:Q,M:Q,, ;
1532981767,2018-07-30 13:16:07,Frederico Marocco,M,M,F:C,M:Q,M:Q,, ;
1532981769,2018-07-30 13:16:09,F Marocco ,F,M,F:C,M:Q,M:Q,, ;
1532981830,2018-07-30 13:17:10,Marocco,M,M,F:C,M:Q,M:Q,, ;
1532982102,2018-07-30 13:21:42,Schmitt,M,M,M:C,M:Q,M:Q,, ;
1532982106,2018-07-30 13:21:46,Jürgen Schmitt,M,M,M:C,M:C,M:C,M:Q,,First, the chair commented, first questioner asked two qs at once,  ;
1532982108,2018-07-30 13:21:48,Schmitt,M,M,M:C,M:Q,M:Q,,First male comment was from the chair before questions were taken from audience. ;
1532982114,2018-07-30 13:21:54,Jürgen Schmitt,M,M,M:Q,M:Q,M:Q,M:Q,, ;
1532982147,2018-07-30 13:22:27,Schmitt,M,M,M:C,M:Q,,This speaker was snitty to the previous speaker over a minor terminology point - he made a mean comment to her after her talk too. First comment by chair. ;
1532982164,2018-07-30 13:22:44,J. Schmitt,M,M,M:Q,M:Q,, ;
1532982669,2018-07-30 13:31:09,Erica Gonzales (Monday Splinter),M,F,M:Q,F:Q,M:C,, ;
1532982670,2018-07-30 13:31:10,E Gonzales ,M,F,M:Q,F:Q,M:C,, ;
1532982671,2018-07-30 13:31:11,Erica Gonzales, Splinter,M,F,M:Q,F:Q,M:C,,Talk starts 16:16 Talk ends  16:28 Q/A ends 16:31 ;
1532982766,2018-07-30 13:32:46,Erica Gonzales,M,F,M:Q,F:Q,M:C,, ;
1532983187,2018-07-30 13:39:47,Alessandro Lanzafame,M,M,M:Q,, ;
1532983187,2018-07-30 13:39:47,Alessandro Lanzafame,M,M,M:Q,, ;
1532983188,2018-07-30 13:39:48,Lanzafame,M,M,M:Q,,Now have 3 microphones in splinter session but still only one runner. People on the sides are asked to go up to the microphones now. Only time for one question says chair. ;
1532983224,2018-07-30 13:40:24,Alessandro Lanzafame,M,M,M:Q,, ;
1532983227,2018-07-30 13:40:27,Lanzafame,M,M,M:Q,, ;
1532983261,2018-07-30 13:41:01,Erica Gonzales,F,M,M:Q,F:Q,M:C, ;
1532983528,2018-07-30 13:45:28,Bonavita,M,F,M:Q,M:Q,F:Q,, ;
1532983562,2018-07-30 13:46:02,Mariangela Bonavita, Splinter,M,F,M:Q,M:Q,F:Q,,Talk starts 16:31 Talk ends  16:42 Q/A ends 16:45 ;
1532983565,2018-07-30 13:46:05,M Bonavita ,M,F,M:Q,M:Q,F:Q,, ;
1532983565,2018-07-30 13:46:05,Mariangela Bonavita,F,M,M:Q,M:Q,M:Q,F:Q,,(second person, M, asked two questions, so i recorded two entries for that) ;
1532983568,2018-07-30 13:46:08,Mariangela Bonavita (Monday splinter),M,F,M:Q,M:Q,F:Q,, ;
1532983569,2018-07-30 13:46:09,Bonavita,M,F,M:Q,M:Q,F:Q,, ;
1532984434,2018-07-30 14:00:34,Rocio Kiman (monday splinter),M,F,F:Q,M:Q,M:Q,F:Q,, ;
1532984435,2018-07-30 14:00:35,Kiman,M,F,F:Q,M:Q,M:Q,F:Q,, ;
1532984435,2018-07-30 14:00:35,Kiman,M,F,F:Q,M:Q,M:Q,F:Q,, ;
1532984436,2018-07-30 14:00:36,Rocio Kiman,F,M,F:Q,M:Q,M:Q,F:Q,, ;
1532984438,2018-07-30 14:00:38,R Kiman,M,F,F:Q,M:Q,M:Q,F:Q,, ;
1532984440,2018-07-30 14:00:40,Rocio Kiman,M,F,F:Q,M:Q,M:Q,F:Q,,CS20 Gaia splinter ;
1532984443,2018-07-30 14:00:43,Rocio Kiman, Splinter,M,F,F:Q,M:Q,M:Q,F:Q,,Talk starts 16:46 Talk ends  16:56 Q/A ends 17:00 ;
1532984559,2018-07-30 14:02:39,Janes,M,M,M:C,M:Q,M:Q,M:Q,M:Q,, ;
1532984564,2018-07-30 14:02:44,Kenneth Janes,M,M,M:C,M:Q,M:Q,M:Q,M:Q,, ;
1532984564,2018-07-30 14:02:44,Ken Janes,M,M,M:C,M:Q,M:Q,M:Q,M:Q,,Chair asks and answers Qs, too. ;
1532984565,2018-07-30 14:02:45,Kenneth Janes,M,M,M:Q,M:Q,M:Q,M:Q,M:Q,, ;
1532984565,2018-07-30 14:02:45,Janes,M,M,M:Q,M:Q,M:Q,M:Q,M:Q,, ;
1532986591,2018-07-30 14:36:31,J van Saders ,F,F,F:Q,F:Q,, ;
1532986592,2018-07-30 14:36:32,Jen Van Saders, Splinter,M,F,F:Q,M:Q,,Talk starts 17:20 Talk ends  17:33 Q/A ends 17:36 ;
1532986638,2018-07-30 14:37:18,Jennifer can Saders (Monday splinter),M,F,F:Q,F:Q,, ;
1532986703,2018-07-30 14:38:23,Discussion / questions for all speakers in session,M,,M:Q,M:Q,M:C,M:Q,M:C,M:C,M:Q,M:Q,F:Q,M:Q,M:Q,M:Q,M:C,M:C,F:C,,Ran for 40 minutes, some repeated questioners, ~100 audience members ;
1532994889,2018-07-30 16:54:49,Van Saders,M,F,F:Q,F:Q,, ;
1533008362,2018-07-30 20:39:22,Van Saders,M,F,F:Q,F:Q,,didnt press submit earlier! ;
1533042378,2018-07-31 06:06:18,Mathew browning,M,M,M:Q,M:Q,M:Q,, ;
1533042379,2018-07-31 06:06:19,Browning,M,M,M:Q,M:Q,M:Q,, ;
1533042380,2018-07-31 06:06:20,Mathew Browning, Plenary Talk, Cool Stars 20,M,M,M:Q,M:Q,M:Q,, ;
1533042386,2018-07-31 06:06:26,Browning,M,M,M:Q,M:Q,M:Q,, ;
1533042386,2018-07-31 06:06:26,Matt Browning,M,M,M:Q,M:Q,M:Q,, ;
1533042388,2018-07-31 06:06:28,Matthew Browning,M,M,M:Q,M:Q,M:Q,, ;
1533042389,2018-07-31 06:06:29,M Browning,M,M,M:Q,M:Q,M:C,, ;
1533042401,2018-07-31 06:06:41,Matthew Browning,M,M,M:Q,M:Q,M:Q,,Talk starts 08:32 Talk ends 08:58 Q/A ends 09:06 - chair ended Q/A to keep on schedule ;
1533042405,2018-07-31 06:06:45,Browning,M,M,M:Q,M:Q,M:Q,, ;
1533043212,2018-07-31 06:20:12,Weber,M,F,M:Q,,clarification on plot ;
1533043231,2018-07-31 06:20:31,Weber,M,F,M:Q,, ;
1533043390,2018-07-31 06:23:10,Weber,M,F,M:Q,M:Q,F:Q,, ;
1533043395,2018-07-31 06:23:15,Weber,M,F,F:Q,, ;
1533043396,2018-07-31 06:23:16,Maria Weber,M,F,M:Q,M:Q,F:Q,, ;
1533043396,2018-07-31 06:23:16,Maria Weber,M,F,M:Q,M:Q,F:Q,, ;
1533043397,2018-07-31 06:23:17,Weber,M,F,M:Q,M:Q,F:Q,, ;
1533043397,2018-07-31 06:23:17,Maria Weber,M,F,M:Q,M:Q,F:Q,, ;
1533043398,2018-07-31 06:23:18,Maria Weber,M,F,M:Q,M:Q,F:Q,, ;
1533043398,2018-07-31 06:23:18,Maria Weber,M,F,M:Q,M:Q,F:Q,,Talk starts 09:07 Talk ends 09:18 Q/A ends 09:23 ;
1533043400,2018-07-31 06:23:20,Weber,M,F,M:Q,M:Q,F:Q,, ;
1533043401,2018-07-31 06:23:21,Maria Weber,M,F,M:Q,M:Q,F:C,, ;
1533043407,2018-07-31 06:23:27,M Webber,M,F,M:Q,M:Q,M:C,F:Q,, ;
1533043418,2018-07-31 06:23:38,Maria Weber, Plenary Talk, Cool Stars 20,M,F,M:Q,M:Q,F:Q,, ;
1533043431,2018-07-31 06:23:51,weber,M,F,M:Q,M:Q,F:Q,, ;
1533043524,2018-07-31 06:25:24,Maria Weber,M,F,M:Q,M:Q,F:Q,, ;
1533043567,2018-07-31 06:26:07,Maria Weber,M,F,M:Q,M:Q,F:Q,, ;
1533044403,2018-07-31 06:40:03,C Bice  ,M,M,M:Q,F:Q,M:Q,, ;
1533044405,2018-07-31 06:40:05,CS20 - C. Bice,M,M,M:Q,F:Q,M:Q,,Final question was more of a comment but came with a small question. ;
1533044411,2018-07-31 06:40:11,Connor Bice,M,M,M:Q,F:Q,M:Q,, ;
1533044413,2018-07-31 06:40:13,Bice,M,M,M:Q,F:Q,M:Q,, ;
1533044413,2018-07-31 06:40:13,Connor Bice,M,M,M:Q,F:Q,M:Q,, ;
1533044414,2018-07-31 06:40:14,Connor Bice,M,M,M:Q,F:Q,M:Q,,Speaker is a graduate student ;
1533044415,2018-07-31 06:40:15,Connor Bice,M,M,M:Q,F:Q,M:Q,,Talk starts 09:24 Talk ends 09:35 Q/A ends 09:40 ;
1533044416,2018-07-31 06:40:16,Connor Bice,M,M,M:Q,F:Q,M:Q,, ;
1533044421,2018-07-31 06:40:21,bice,M,M,M:Q,F:Q,M:Q,, ;
1533044423,2018-07-31 06:40:23,Connor Bice,M,M,M:Q,F:Q,M:Q,, ;
1533044423,2018-07-31 06:40:23,Connor Bice, Cool Stars 20, Plenary Talk,M,M,M:Q,F:Q,M:Q,, ;
1533044424,2018-07-31 06:40:24,Connor Bice,M,M,M:Q,F:Q,M:Q,, ;
1533044426,2018-07-31 06:40:26,Bice,M,M,M:Q,F:Q,M:Q,, ;
1533044437,2018-07-31 06:40:37,Connor Bice,M,M,M:Q,F:Q,M:Q,, ;
1533044452,2018-07-31 06:40:52,Bice,M,M,M:Q,F:Q,M:C, ;
1533044457,2018-07-31 06:40:57,Connor Bice,M,M,M:Q,F:Q,M:Q,, ;
1533044826,2018-07-31 06:47:06,Connor Bice,M,M,M:Q,F:Q,M:Q,, ;
1533045499,2018-07-31 06:58:19,Heather Cegla,M,F,M:Q,M:Q,M:Q,, ;
1533045500,2018-07-31 06:58:20,Heather Cegla,M,F,M:Q,M:Q,M:Q,, ;
1533045500,2018-07-31 06:58:20,H Cegla,M,F,M:Q,M:Q,M:Q,, ;
1533045504,2018-07-31 06:58:24,Cegla,M,F,M:Q,M:Q,M:Q,, ;
1533045504,2018-07-31 06:58:24,CS20 - H. Cegla,M,F,M:Q,M:Q,M:Q,,3rd M:Q was partially a comment. ;
1533045505,2018-07-31 06:58:25,H. M. Cegla,M,F,M:Q,M:Q,M:Q,,Talk starts 09:40 Talk ends 09:52 Q/A ends 09:58 ;
1533045505,2018-07-31 06:58:25,Heather Cegla,M,F,M:Q,M:Q,M:Q,, ;
1533045506,2018-07-31 06:58:26,Segla,M,F,M:Q,M:Q,M:Q,, ;
1533045506,2018-07-31 06:58:26,H. M. Cegla,M,F,M:Q,M:Q,M:Q,, ;
1533045506,2018-07-31 06:58:26,Heather Cegla,M,F,M:Q,M:Q,M:Q,, ;
1533045514,2018-07-31 06:58:34,Heather M Cegla,M,F,M:Q,M:Q,M:Q,, ;
1533045518,2018-07-31 06:58:38,Cegla,M,F,M:Q,M:C,M:Q,, ;
1533045521,2018-07-31 06:58:41,H.M. Cegla, Plenary talk, Cool stars 20,M,F,M:Q,M:Q,M:Q,, ;
1533045566,2018-07-31 06:59:26,Heather Cegla,M,F,M:Q,M:Q,M:Q,, ;
1533045618,2018-07-31 07:00:18,cegla,M,F,M:Q,M:Q,M:Q,, ;
1533046454,2018-07-31 07:14:14,Raphaëlle D. Haywood,M,F,M:Q,M:C,M:Q,,Talk starts 09:59 Talk ends 10:11 Q/A ends 10:14 ;
1533046455,2018-07-31 07:14:15,Raphaëlle D. Haywood, plenary talk,M,F,M:Q,M:C,M:Q,, ;
1533046455,2018-07-31 07:14:15,Haywood,M,F,M:Q,M:C,M:C,, ;
1533046455,2018-07-31 07:14:15,Raphaelle Haywood,M,F,M:Q,M:C,M:Q,, ;
1533046456,2018-07-31 07:14:16,Raphaëlle Haywood,M,F,M:Q,M:C,M:Q,,Second comment was a response to the first question  ;
1533046456,2018-07-31 07:14:16,Haywood,M,F,M:Q,M:C,M:Q,, ;
1533046456,2018-07-31 07:14:16,Raphaelle Haywood,M,F,M:Q,M:C,M:Q,, ;
1533046460,2018-07-31 07:14:20,Haywood,M,F,M:Q,M:C,M:C,, ;
1533046460,2018-07-31 07:14:20,Haywood,M,F,M:Q,M:C,M:C,, ;
1533046460,2018-07-31 07:14:20,haywood,M,F,M:Q,M:C,M:Q,, ;
1533046461,2018-07-31 07:14:21,Raphaëlle D. Haywood,M,F,M:Q,M:C,M:C,,first question was almost a comment. Second was a blatant comment and plug for their own talk.  ;
1533046462,2018-07-31 07:14:22,R Haywood,,,M:Q,M:C,M:Q,, ;
1533046463,2018-07-31 07:14:23,Haywood,M,F,M:Q,M:C,M:C,, ;
1533046465,2018-07-31 07:14:25,Raphaëlle D. Haywood,M,F,M:Q,M:C,M:Q,, ;
1533046481,2018-07-31 07:14:41,Raphaelle Haywood,M,F,M:Q,M:C,M:Q,, ;
1533046486,2018-07-31 07:14:46,CS20 - R. Haywood,M,F,M:C,M:C,M:C,,Comment #2 was mainly self-promotion. ;
1533046523,2018-07-31 07:15:23,Raphaelle Haywood,M,F,M:Q,M:C,M:Q,, ;
1533051124,2018-07-31 08:32:04,Gianna Cauzzi Plenary Talk,F,M,M:C,M:Q,F:C,M:Q,F:Q,M:Q,M:Q,F:C,, ;
1533051125,2018-07-31 08:32:05,G Cauzzi ,,,M:C,M:Q,F:Q,M:C,M:Q,F:C,, ;
1533051126,2018-07-31 08:32:06,CS20 - G. Cauzzi,M,F,M:C,M:Q,F:C,F:Q,M:C,M:Q,F:C,,Most comments were commenting on other comments. ;
1533051127,2018-07-31 08:32:07,Gianna Cauzi,M,F,M:C,M:Q,F:C,F:Q,M:C,M:Q,F:C,,Chair did not enforce the "qs no comments rule" at all. ;
1533051129,2018-07-31 08:32:09,Gianna Cauzzi,M,F,M:C,M:Q,F:C,F:Q,M:C,M:Q,F:C,, ;
1533051129,2018-07-31 08:32:09,Gianna Cauzzi,M,F,M:C,M:Q,F:C,F:Q,M:Q,M:Q,F:C,,Talk starts 10:58 Talk ends 11:24 Q/A ends Male commenter kept interrupting speaker somewhat as she was explaining. ;
1533051129,2018-07-31 08:32:09,Cauzzi,M,F,M:C,M:Q,F:C,F:Q,M:C,M:Q,F:C,, ;
1533051130,2018-07-31 08:32:10,Cauzzi,M,F,M:C,M:Q,F:C,F:Q,M:C,M:Q,F:C,, ;
1533051136,2018-07-31 08:32:16,Gianna Cauzzi,M,F,M:C,M:Q,F:C,M:Q,M:Q,, ;
1533051138,2018-07-31 08:32:18,Gianna Cauzzi,M,F,M:C,M:Q,F:C,F:Q,M:C,M:Q,F:C,,Third comment was a response to the previous question. 7th comment was in response to a previous question (I forget which one) ;
1533051140,2018-07-31 08:32:20,Cauzzi,M,F,M:C,M:Q,F:C,F:Q,M:C,M:Q,F:C,, ;
1533051152,2018-07-31 08:32:32,Gianna Cauzzi,M,F,M:C,F:C,F:Q,M:C,M:Q,F:C,, ;
1533051155,2018-07-31 08:32:35,Gianna Cauzzi,M,F,M:C,M:Q,F:C,F:Q,M:C,M:Q,F:C,, ;
1533051174,2018-07-31 08:32:54,Cauzzi,M,F,M:C,M:Q,F:Q,F:Q,M:C,M:C,M:Q,F:C,,last F:C was in response to an earlier M:C ;
1533052205,2018-07-31 08:50:05,CS20 - R. Egeland,M,M,F:Q,M:Q,M:Q,M:Q,,2nd more of a comment, but did ask a question. Same for last question.  ;
1533052208,2018-07-31 08:50:08,Ricky Egeland,M,M,F:Q,M:Q,M:Q,M:Q,, ;
1533052208,2018-07-31 08:50:08,Ricky Egeland,M,M,F:Q,M:C,M:Q,M:C,,First question also had a comment First male question came from the chair.  ;
1533052210,2018-07-31 08:50:10,Egeland,M,M,F:Q,M:Q,M:Q,M:Q,, ;
1533052210,2018-07-31 08:50:10,Ricky Egeland,M,M,F:Q,M:Q,M:Q,M:Q,,Third question was from the session chair ;
1533052211,2018-07-31 08:50:11,Ricky Egeland,M,M,F:Q,M:Q,M:Q,M:Q,, ;
1533052212,2018-07-31 08:50:12,Egeland,M,M,F:Q,M:Q,M:Q,M:Q,, ;
1533052213,2018-07-31 08:50:13,Ricky Egeland,M,M,F:Q,M:Q,M:Q,M:Q,,Talk starts 11:33 Talk ends 11:45 Q/A ends 11:50 ;
1533052215,2018-07-31 08:50:15,Egeland,M,M,F:Q,M:Q,M:Q,M:Q,, ;
1533052216,2018-07-31 08:50:16,Ricky Egeland,M,M,F:Q,M:Q,M:Q,M:Q,, ;
1533052248,2018-07-31 08:50:48,Ricky Egeland,M,M,F:Q,M:Q,M:Q,M:Q,,Chair asks a Q, too.  ;
1533053321,2018-07-31 09:08:41,Rachael Roettenbacher,M,F,M:Q,M:C,M:Q,F:Q,F:Q,M:Q,, ;
1533053322,2018-07-31 09:08:42,Roettenbacher,M,F,M:Q,M:C,M:Q,F:Q,F:Q,M:Q,, ;
1533053322,2018-07-31 09:08:42,Roettenbacher,M,F,M:Q,M:C,M:Q,F:Q,F:Q,M:Q,, ;
1533053323,2018-07-31 09:08:43,Rachael Roettenbacher,M,F,M:Q,M:Q,M:Q,F:Q,F:Q,M:Q,,Second question author also gave a long comment.  ;
1533053325,2018-07-31 09:08:45,CS20 - R. Roettenbacher,M,F,M:Q,M:C,M:Q,F:C,F:Q,M:Q,, ;
1533053333,2018-07-31 09:08:53,Rachael Roettenbacher,M,F,M:Q,M:C,M:Q,F:Q,F:Q,M:Q,,Talk starts 11:50 Talk ends 12:01 Q/A ends 12:08 ;
1533053344,2018-07-31 09:09:04,Rachael Roettenbacher Plenary Talk,M,F,M:Q,M:C,M:Q,F:Q,F:Q,M:Q,, ;
1533053360,2018-07-31 09:09:20,Roettenbacher,M,F,M:Q,M:C,M:Q,F:Q,F:Q,M:Q,, ;
1533053366,2018-07-31 09:09:26,R Roetennbacher,,,M:Q,M:Q,M:Q,F:Q,F:Q,M:Q,, ;
1533054065,2018-07-31 09:21:05,Rachael Roettenbacher,M,F,M:Q,M:C,M:Q,F:Q,F:Q,M:Q,, ;
1533054190,2018-07-31 09:23:10,Rachael Roettenbacher,M,F,M:Q,M:C,M:Q,F:Q,F:Q,M:Q,, ;
1533054430,2018-07-31 09:27:10,Brett Morris,M,M,F:Q,M:Q,M:Q,M:C,M:Q,M:Q,M:Q,,Chair asked the comment sayer to change his comment to a question. It still went over as a comment, speaker did not say anything before moving on. Third last question asker was asked to make his question more concise.  ;
1533054432,2018-07-31 09:27:12,Brett Morris,M,M,F:Q,M:Q,M:Q,M:C,M:Q,M:Q,M:C,M:Q,, ;
1533054432,2018-07-31 09:27:12,CA20 - B. Morris,M,M,F:Q,M:Q,M:Q,M:Q,M:Q,M:C,M:Q,,Comments were converted to questions at request of chair. Tweeting apparently has had an effect... ;
1533054437,2018-07-31 09:27:17,Morris,M,M,F:Q,M:Q,M:Q,M:Q,M:Q,M:Q,M:Q,, ;
1533054437,2018-07-31 09:27:17,Morris,M,M,F:Q,M:Q,M:Q,M:Q,M:Q,M:Q,,two comments were (finally) redirected to questions by the chair. I think I missed one  ;
1533054437,2018-07-31 09:27:17,Brett Moris,M,M,F:Q,M:Q,M:Q,M:C,M:Q,M:Q,M:C,, ;
1533054445,2018-07-31 09:27:25,Brett Morris,M,M,F:Q,M:Q,M:Q,M:C,M:Q,M:Q,M:Q,, ;
1533054446,2018-07-31 09:27:26,B Morris ,M,M,F:Q,M:Q,M:Q,M:C,M:Q,M:C,, ;
1533054448,2018-07-31 09:27:28,Morris,M,M,F:Q,M:Q,M:Q,M:Q,M:Q,M:Q,M:C,M:Q,, ;
1533054450,2018-07-31 09:27:30,Brett M. Morris,M,M,F:Q,M:Q,M:Q,M:C,M:Q,M:Q,M:Q,,Talk starts 12:09 Talk ends 12:19 Q/A ends 12:27 ;
1533055425,2018-07-31 09:43:45,Axel Brandenburg,M,M,M:Q,F:Q,M:Q,M:Q,M:Q,M:Q,M:Q,, ;
1533055434,2018-07-31 09:43:54,Axel Brandenburg,M,M,M:Q,F:Q,M:Q,M:Q,M:C,M:Q,M:Q,M:Q,,Talk starts 12:28 Talk ends 12:37 Q/A ends 12:44 Comment was requested by speaker ;
1533055470,2018-07-31 09:44:30,Axel Brandenburg,M,M,M:Q,F:Q,M:Q,M:Q,M:Q,M:Q,, ;
1533055478,2018-07-31 09:44:38,Brandenburg,M,M,M:Q,F:Q,M:Q,M:Q,M:Q,M:Q,M:Q,, ;
1533055480,2018-07-31 09:44:40,Axel Brandenburg,M,M,M:Q,F:Q,M:Q,M:Q,M:Q,M:Q,M:Q,, ;
1533055481,2018-07-31 09:44:41,Axel Brandenburg ,M,M,M:C,F:Q,M:Q,M:Q,M:Q,M:Q,,Talked over female question and didn’t answer. ;
1533055481,2018-07-31 09:44:41,CS20 - A. Brandenburg,M,M,M:Q,F:Q,M:Q,M:Q,M:Q,M:Q,M:Q,, ;
1533055487,2018-07-31 09:44:47,A Brandenburg,M,M,M:Q,F:Q,M:Q,M:Q,M:Q,M:Q,M:Q,, ;
1533055488,2018-07-31 09:44:48,Axel Brandenburg,M,M,M:Q,F:Q,M:Q,M:Q,M:Q,M:Q,M:Q,, ;
1533055488,2018-07-31 09:44:48,Axel Brandenburg,M,M,M:C,F:Q,M:Q,M:Q,M:Q,M:Q,M:Q,M:Q,, ;
1533060977,2018-07-31 11:16:17,Moira Jardine,F,F,M:Q,M:Q,, ;
1533061539,2018-07-31 11:25:39,Sacha Brun,M,M,M:Q,M:Q,M:Q,, ;
1533061725,2018-07-31 11:28:45,Jackie Villadsen,F,F,M:Q,M:Q,, ;
1533062112,2018-07-31 11:35:12,Berdyugina,M,F,F:Q,M:Q,F:Q,M:C,, ;
1533062123,2018-07-31 11:35:23,Svetlana Berdyugina, Splinter,M,F,F:Q,M:Q,F:Q,M:Q,,Talk starts 14:05 Talk ends 14:28 Q/A ends 14:35 ;
1533062131,2018-07-31 11:35:31,Berdyugina,M,F,F:Q,M:Q,F:Q,M:Q,,There may have been a 5th Q? ;
1533062135,2018-07-31 11:35:35,berdyugina,M,F,F:Q,M:Q,F:Q,M:Q,, ;
1533062150,2018-07-31 11:35:50,Svetlana Berdyugina,M,F,F:Q,M:Q,F:Q,M:Q,M:Q,,Chair encouraged questions. Speaker encouraged questions from students and post docs.  ;
1533062178,2018-07-31 11:36:18,Svetlana Berdyugina ,M,F,F:Q,M:Q,F:Q,M:Q,,Know Thy Starspot Splinter ;
1533062198,2018-07-31 11:36:38,S Berdyugina ,,,F:Q,M:Q,F:Q,M:Q,, ;
1533062479,2018-07-31 11:41:19,Sofia Moschou Tues PM Radio Splinter,F,F,F:Q,, ;
1533062485,2018-07-31 11:41:25,Sofia Moschou,F,F,F:Q,, ;
1533062594,2018-07-31 11:43:14,Panja,M,M,F:Q,, ;
1533062648,2018-07-31 11:44:08,Panja,M,M,F:Q,, ;
1533062711,2018-07-31 11:45:11,Panja,M,M,M:Q,, ;
1533062744,2018-07-31 11:45:44,Panja starspot splinter ,M,M,F:Q,F:Q,M:Q,, ;
1533062749,2018-07-31 11:45:49,Panja,M,M,F:Q,F:Q,M:Q,, ;
1533062749,2018-07-31 11:45:49,panja,M,M,F:Q,F:Q,M:Q,, ;
1533062752,2018-07-31 11:45:52,Mayukh Panja,M,M,F:Q,F:Q,M:Q,,Talk starts 14:36 Talk ends 14:43 Q/A ends 14:45 ;
1533062752,2018-07-31 11:45:52,Panja,M,M,F:Q,F:Q,F:C,M:Q,,#2 and #3 same person, #4 was almost a comment too ;
1533062760,2018-07-31 11:46:00,Starspots - M. Panja,M,M,F:Q,F:Q,M:Q,, ;
1533062765,2018-07-31 11:46:05,Mayukh Panja,M,M,F:Q,F:Q,M:Q,,Know Thy Starspot Splinter ;
1533062776,2018-07-31 11:46:16,Mayukh Panja,M,M,M:Q,F:Q,M:Q,,Speaker is a student. Speaker interrupted the female question asker.  ;
1533062802,2018-07-31 11:46:42,M Panja ,M,M,F:Q,F:Q, ;
1533063176,2018-07-31 11:52:56,Ward Howard,F,M,M:Q,, ;
1533063196,2018-07-31 11:53:16,Ward Howard, Tues PM Radio Splinter Session,F,M,M:Q,, ;
1533063253,2018-07-31 11:54:13,Jarvinen,M,F,M:Q,,Btw, In this Starspot session the audience was reminded that junior people etc should be allowed to ask Qs first ;
1533063297,2018-07-31 11:54:57,Jarvinen,M,F,M:Q,, ;
1533063387,2018-07-31 11:56:27,Jarvinen ,M,F,M:Q,, ;
1533063411,2018-07-31 11:56:51,Jarvinen,M,F,M:Q,M:Q,M:Q,, ;
1533063412,2018-07-31 11:56:52,Silva Järvinen,M,F,M:Q,M:Q,M:Q,,Know Thy Starspot ;
1533063413,2018-07-31 11:56:53,S Jarvinen ,M,F,M:Q,M:Q,M:Q,, ;
1533063414,2018-07-31 11:56:54,jarvinen starspots splinter ,M,F,M:Q,M:Q,M:Q,, ;
1533063419,2018-07-31 11:56:59,jarvinen,M,F,M:Q,M:Q,M:Q,, ;
1533063420,2018-07-31 11:57:00,Silva Jarvinen, Splinter,M,F,M:Q,M:Q,M:Q,,Talk starts 14:46 Talk ends 14:53 Q/A ends 14:56 ;
1533063423,2018-07-31 11:57:03,Starspots - S. Jarvinen,M,F,M:Q,M:Q,M:Q,, ;
1533063582,2018-07-31 11:59:42,Sasha Shapiro,M,M,M:C,M:Q,, ;
1533063935,2018-07-31 12:05:35,Andrew Zic, Tues PM Radio Splinter,F,M,M:Q,M:Q,, ;
1533063939,2018-07-31 12:05:39,Andrew Zic,F,M,M:Q,M:Q,, ;
1533063944,2018-07-31 12:05:44,Andrew Zic,F,M,M:Q,M:Q,, ;
1533064026,2018-07-31 12:07:06,Lehman,M,F,M:Q,, ;
1533064104,2018-07-31 12:08:24,Lehman,M,F,M:Q,, ;
1533064148,2018-07-31 12:09:08,Starspots - L. Lehmann,M,F,M:Q,M:Q,, ;
1533064150,2018-07-31 12:09:10,Lehmann starspot splinter ,M,F,M:Q,M:Q,, ;
1533064151,2018-07-31 12:09:11,Lehmann,M,F,M:Q,, ;
1533064161,2018-07-31 12:09:21,L Lehmann,M,F,M:Q,M:Q,, ;
1533064188,2018-07-31 12:09:48,Lehmann,M,F,M:Q,M:Q,, ;
1533064189,2018-07-31 12:09:49,Lisa Lehmann, Splinter,M,F,M:Q,M:Q,,Talk starts 14:57 Talk ends 15:06 Q/A ends 15:08 ;
1533064191,2018-07-31 12:09:51,Lisa Lehmann,M,F,M:Q,M:Q,,Know Thy Starspot Splinter ;
1533064710,2018-07-31 12:18:30,Computation - Matt,M,M,F:Q,M:Q,M:Q,F:Q,M:Q,M:C,, ;
1533064711,2018-07-31 12:18:31,Sean Matt,M,M,F:Q,M:Q,M:Q,F:Q,, ;
1533064717,2018-07-31 12:18:37,Luis Henry Quiroga Nuñez Tues PM Radio Splinter,F,M,M:Q,M:Q,, ;
1533064726,2018-07-31 12:18:46,Luis Henry Quiroga-Nuñez,F,M,M:Q,M:C,, ;
1533064743,2018-07-31 12:19:03,Luis,F,M,M:Q,M:C,, ;
1533064743,2018-07-31 12:19:03,Luis Quiroga-Nuñez,F,M,M:Q,M:C,,Comment turned in to a useful back and forth with speaker ;
1533064743,2018-07-31 12:19:03,Sean Matt,M,M,F:Q,M:C,M:Q,M:C,M:Q,F:Q,M:Q,,Multiple interjected comments. Also, first questions by women this splinter.   ;
1533064778,2018-07-31 12:19:38,Jyri Lehtinen,M,M,M:Q,, ;
1533064828,2018-07-31 12:20:28,Jyri Lethinen,M,M,M:Q,, ;
1533064873,2018-07-31 12:21:13,Lehtinen,M,M,M:Q,M:Q,, ;
1533064873,2018-07-31 12:21:13,J Lehtinten ,M,M,M:Q,M:Q,, ;
1533064875,2018-07-31 12:21:15,Starspots - J. Lehtinen,M,M,M:Q,M:Q,, ;
1533064877,2018-07-31 12:21:17, Lehtinen,M,M,M:Q,M:Q,, ;
1533064878,2018-07-31 12:21:18,Lehtinen,M,M,M:Q,M:Q,, ;
1533064879,2018-07-31 12:21:19,Lehtinen,M,M,M:Q,M:Q,, ;
1533064880,2018-07-31 12:21:20,Jyri Lehtinen, Splinter,M,M,M:Q,M:Q,,Talk starts 15:09 Talk ends 15:18 Q/A ends 15:21 ;
1533064880,2018-07-31 12:21:20,lehtinen starspots splinter ,M,M,M:Q,M:Q,, ;
1533064881,2018-07-31 12:21:21,Jyri Lehtinen,M,M,M:Q,M:Q,,Know Thy Starspot Splinter ;
1533064898,2018-07-31 12:21:38,Lehtinen,M,M,M:Q,M:Q,,#2 was by mic runner? ;
1533065388,2018-07-31 12:29:48,Dag Evensberget,M,M,F:Q,M:C,M:Q,, ;
1533065388,2018-07-31 12:29:48,Dag Evensberget,M,M,F:Q,M:Q,, ;
1533065388,2018-07-31 12:29:48,Computational - Evensberget,M,M,F:Q,M:Q,, ;
1533065502,2018-07-31 12:31:42,Computational - Shapiro,M,M,M:Q,M:Q,M:Q,M:Q,, ;
1533068154,2018-07-31 13:15:54,Joey Rodriguez,F,M,M:Q,, ;
1533068166,2018-07-31 13:16:06,Joey Rodriguez,F,M,M:Q,, ;
1533068205,2018-07-31 13:16:45,Helen Giles, Know thy Starspot splinter,F,F,M:Q,F:Q,M:C,M:C,F:Q,,Second comment, started as a really long comment, and after the person making it got interrupted by the session chair, he did eventually ask a question.  ;
1533068211,2018-07-31 13:16:51,Helen Giles,F,F,M:Q,F:Q,M:C, M:C,F:Q,,Comments both from senior male researchers. The second commenter actually turned away from the speaker to address the audience. The chair requested he turn the comment into a question.  ;
1533068213,2018-07-31 13:16:53,Helen Giles, Splinter,F,F,M:Q,F:Q,M:C,M:C,F:Q,,Talk starts 16:01 Talk ends 16:11 Q/A ends 16:16 2nd comment was mainly self-promotion taking time away from speaker, until prompted for an actual question by chair. Still labelling it as M:C. ;
1533068217,2018-07-31 13:16:57,Giles,F,F,M:Q,F:Q,M:C,M:C,F:Q,,The second male comment (4th data point) had to be prompted by the chair to ask a question and not promote his own talk. ;
1533068217,2018-07-31 13:16:57,Joey Rodriguez,F,M,M:Q,, ;
1533068221,2018-07-31 13:17:01,Giles,F,F,M:Q,F:Q,M:C,M:Q,F:Q,,4th person was also a comment until the chair intervened  ;
1533068244,2018-07-31 13:17:24,Helen Giles,F,F,M:Q,F:Q,M:C,M:C,F:Q,,Fourth comment was railroaded into asking a question by the session chair (was initially just highlighting their own work) ;
1533068247,2018-07-31 13:17:27,Rodriguez splinter ,F,M,M:Q,M:Q,M:Q,, ;
1533068248,2018-07-31 13:17:28,Giles,F,F,M:Q,F:Q,M:C,M:C,F:Q,,#4 turned it into a Q, but started as a speech ;
1533068255,2018-07-31 13:17:35,J Rodreguez ,F,M,M:Q,M:Q,M:Q,, ;
1533068305,2018-07-31 13:18:25,Helen Giles,F,F,M:Q,F:Q,M:C,M:C,F:Q,,Know Thy Starspot Splinter ;
1533068310,2018-07-31 13:18:30,Rodriguez,F,M,M:Q,M:Q,, ;
1533068313,2018-07-31 13:18:33,Joey Rodriguez ,F,M,M:Q,M:Q,M:Q,, ;
1533068913,2018-07-31 13:28:33,Belinda Nicholson,F,F,F:Q,F:Q,,Know Thy Starspot Splinter ;
1533068919,2018-07-31 13:28:39,Nicholson,F,F,F:Q,F:Q,, ;
1533068921,2018-07-31 13:28:41,Nicholson,F,F,F:Q,F:Q,, ;
1533068923,2018-07-31 13:28:43,Belinda Nicholson, Know Thy Starspot ,F,F,F:Q,F:Q,, ;
1533068925,2018-07-31 13:28:45,Belinda Nicholson, Splinter,F,F,F:Q,F:Q,,Talk starts 16:17 Talk ends 16:26 Q/A ends 16:28 First question from female chair ;
1533068926,2018-07-31 13:28:46,Emily Drabek-Maunder,F,F,M:Q,, ;
1533068961,2018-07-31 13:29:21,nicholson,F,F,F:Q,F:Q,, ;
1533068999,2018-07-31 13:29:59,Uitenbroek ,M,M,F:Q,F:Q,, ;
1533069005,2018-07-31 13:30:05,Emily Drabek-Maunder,F,F,F:Q,, ;
1533069019,2018-07-31 13:30:19,Emily Drabek-Maunder,F,F,F:C,, ;
1533069034,2018-07-31 13:30:34,Belinda Nicholson,F,F,F:Q,F:Q,,First question was from the session chair ;
1533069038,2018-07-31 13:30:38,E Drabek-Maunder ,F,F,M:Q,F:C,, ;
1533069039,2018-07-31 13:30:39,drabek maunder ,F,F,M:Q,F:C,, ;
1533069064,2018-07-31 13:31:04,Emily Drabek-Maunder,F,F,M:Q,F:C,, ;
1533069076,2018-07-31 13:31:16,Drabek-Maunder,F,F,M:Q,F:Q,, ;
1533069582,2018-07-31 13:39:42,kesseli,F,F,M:Q,M:Q,F:Q,F:Q,, ;
1533069612,2018-07-31 13:40:12,Kesseli,F,F,M:Q,M:Q,F:Q,F:Q,, ;
1533069615,2018-07-31 13:40:15,Kesseli,F,F,M:Q,M:Q,F:Q,F:Q,, ;
1533069618,2018-07-31 13:40:18,Aurora Kesseli, Splinter,F,F,M:Q,M:Q,F:Q,F:Q,,Talk starts 16:29 Talk ends 16:36 Q/A ends 16:40 ;
1533069619,2018-07-31 13:40:19,Aurora Kesseli,F,F,M:Q,M:Q,F:Q,F:Q,,Know Thy Starspot Splinter ;
1533069619,2018-07-31 13:40:19,Aurora Kesseli,F,F,M:Q,M:Q,F:Q,F:Q,, ;
1533069625,2018-07-31 13:40:25,Aurora Kesseli, Know thy Starspot,F,F,M:Q,M:Q,F:Q,F:Q,,Second question was rather unclear, speaker ended up deferring it to discuss it afterwards ;
1533069706,2018-07-31 13:41:46,Nagi Mansour,M,F,F:Q,M:Q,, ;
1533069706,2018-07-31 13:41:46,Irina,M,F,F:Q,M:Q,, ;
1533069718,2018-07-31 13:41:58,Nagi Mansour,M,F,F:Q,M:Q,,I missed the beginning of the talk but I think the original speaker (Nagi) couldn't make it and was replaced by Irina Kitiashvili who is female. ;
1533069772,2018-07-31 13:42:52,Robert Mutel,F,M,M:Q,, ;
1533069798,2018-07-31 13:43:18,Robert Mutel,F,M,M:Q,, ;
1533069867,2018-07-31 13:44:27,R Mutel,,,M:Q,M:Q,M:Q,, ;
1533069871,2018-07-31 13:44:31,Mutel,F,M,F:Q,M:Q,M:Q,, ;
1533069874,2018-07-31 13:44:34,mutel ,F,M,F:Q,M:Q,M:Q,, ;
1533070301,2018-07-31 13:51:41,Starspots - N. Gosnell,F,F,M:Q,M:Q,F:Q,, ;
1533070305,2018-07-31 13:51:45,Gosnell,F,F,M:Q,M:Q,F:Q,, ;
1533070306,2018-07-31 13:51:46,Gosnell,F,F,M:Q,M:Q,F:Q,, ;
1533070310,2018-07-31 13:51:50,gosnell,F,F,M:Q,M:Q,F:Q,, ;
1533070315,2018-07-31 13:51:55,Natalie Gosnell, Splinter,,,M:Q,M:Q,F:Q,,Talk starts 16:41 Talk ends 16:48 Q/A ends 16:51 ;
1533070361,2018-07-31 13:52:41,Natalie Gosnell,F,F,M:Q,M:Q,F:Q,,Know Thy Starspot Splinter ;
1533070498,2018-07-31 13:54:58,Natalie Gosnell,F,F,M:Q,M:Q,F:Q,, ;
1533070657,2018-07-31 13:57:37,Lynn Matthews,F,F,F:Q,, ;
1533070683,2018-07-31 13:58:03,Lynn Matthews,F,F,M:Q,, ;
1533070804,2018-07-31 14:00:04,Ofer Cohen,M,M,M:Q,, ;
1533070807,2018-07-31 14:00:07,lynn matthews,F,F,F:Q,F:Q,, ;
1533070813,2018-07-31 14:00:13,L Matthews,F,F,F:Q,M:Q,F:Q,, ;
1533070813,2018-07-31 14:00:13,Lynn Matthews,F,F,F:Q,M:Q,F:Q,, ;
1533070817,2018-07-31 14:00:17,Ofer Cohen,M,M,M:Q,,Questions were cut off due to time constraints ;
1533071229,2018-07-31 14:07:09,Fabienne Bastien,F,F,F:Q,F:Q,M:Q,F:Q,, ;
1533071229,2018-07-31 14:07:09,Bastien,F,F,F:Q,F:Q,M:Q,F:Q,, ;
1533071230,2018-07-31 14:07:10,Fabienne Bastien, Know thy Starspot,F,F,F:Q,F:Q,M:Q,F:Q,,chair asked first question ;
1533071232,2018-07-31 14:07:12,Bastien starspot splinter ,F,F,F:Q,F:Q,M:Q,F:Q,, ;
1533071235,2018-07-31 14:07:15,bastien,F,F,F:Q,F:Q,M:Q,F:Q,, ;
1533071235,2018-07-31 14:07:15,Starspots - F. Bastien,F,F,F:Q,F:Q,M:Q,F:Q,, ;
1533071236,2018-07-31 14:07:16,Fabienne Bastien,F,F,F:Q,F:Q,M:Q,F:Q,, ;
1533071237,2018-07-31 14:07:17,Fabienne Bastien, Splinter,F,F,F:Q,F:Q,M:Q,F:Q,,Talk starts 16:52 Talk ends 17:04 Q/A ends 17:06 First question from female chair ;
1533071240,2018-07-31 14:07:20,Fabienne Bastian,F,F,?,F:Q,M:Q,F:Q,,Know Thy Starspot Splinter ;
1533071243,2018-07-31 14:07:23,Bastien,F,F,F:Q,M:Q,F:Q,M:Q,F:Q,, ;
1533071639,2018-07-31 14:13:59,Cecilia Garraffo,M,F,M:Q,, ;
1533071656,2018-07-31 14:14:16,Cecilia Garraffo,M,F,M:Q,,Again, questions were cut off for time ;
1533071864,2018-07-31 14:17:44,Ben Rackham, Splinter,F,M,F:Q,M:Q,,Talk starts 17:07 Talk ends 17:15 Q/A ends 17:17 ;
1533071864,2018-07-31 14:17:44,Rackham,F,M,F:Q,M:Q,, ;
1533071865,2018-07-31 14:17:45,Rackham,F,M,F:Q,M:Q,, ;
1533071870,2018-07-31 14:17:50,Ben Rackham,F,M,F:Q,M:Q,, ;
1533071871,2018-07-31 14:17:51,rackham,F,M,F:Q,M:Q,, ;
1533071873,2018-07-31 14:17:53,Ben Rackham, Know Thy Starspot,F,M,F:Q,M:Q,, ;
1533071886,2018-07-31 14:18:06,Benjamin Rackham,F,M,F:Q,M:Q,,Know Thy Starspot Splinter ;
1533071889,2018-07-31 14:18:09,Ben Rackham,F,M,F:Q,M:Q,, ;
1533071897,2018-07-31 14:18:17,Starspots - B. Rackham,F,M,F:Q,M:Q,, ;
1533072516,2018-07-31 14:28:36,Patryk Iwanek,F,M,M:Q,M:C,M:Q,,Chair requested a question from the commenter, they did not ask one.  ;
1533072517,2018-07-31 14:28:37,Iwanek,F,M,M:Q,M:C,M:Q,, ;
1533072518,2018-07-31 14:28:38,Patryk Iwanek, Know Thy Starspot,F,M,M:C,M:C,M:Q,, ;
1533072523,2018-07-31 14:28:43,Patryk Ivanck,F,M,M:Q,M:C,M:Q,,Commenter said “I like to answer questions” after their comment and the reminder to only ask questions. ;
1533072525,2018-07-31 14:28:45,Patryk Iwanek, Splinter,F,M,M:Q,M:C,M:Q,,Talk starts 17:18 Talk ends 17:25 Q/A ends 17:28 ;
1533072536,2018-07-31 14:28:56,Iwanek,F,M,M:Q,M:C,M:Q,,The speaker did ask the audience about something ;
1533072539,2018-07-31 14:28:59,Iwanek,F,M,M:C,M:C,M:Q,,Speaker asked for help interpreting some data, so comments were short and reasonable ;
1533072541,2018-07-31 14:29:01,Starspots - P. Iwanek,F,M,M:C,M:C,M:Q,, ;
1533072558,2018-07-31 14:29:18,Patryk Iwanek ,F,M,M:Q,M:C,M:Q,,Know Thy Starspot Splinter ;
1533073062,2018-07-31 14:37:42,Lauren Doyle,F,F,M:Q,M:Q,, ;
1533073062,2018-07-31 14:37:42,Lauren Doyle,F,F,M:Q,M:Q,, ;
1533073063,2018-07-31 14:37:43,Lauren Doyle,F,F,M:Q,M:Q,, ;
1533073131,2018-07-31 14:38:51,doyle,F,F,M:Q,M:Q,M:Q,,session conveners asked more questions in the second half of the splinter ;
1533073131,2018-07-31 14:38:51,Lauren Doyle,F,F,M:Q,M:Q,M:Q,, ;
1533073132,2018-07-31 14:38:52,Lauren Doyle, Know Thy Starspot,F,F,M:Q,M:Q,M:Q,, ;
1533073135,2018-07-31 14:38:55,Doyle,F,F,M:Q,M:Q,M:Q,, ;
1533073136,2018-07-31 14:38:56,Doyle,F,F,M:Q,M:Q,M:Q,, ;
1533073137,2018-07-31 14:38:57, Lauren Doyle, Splinter,F,F,M:Q,M:Q,M:Q,,Talk starts 17:29 Talk ends 17:37 Q/A ends 17:39 ;
1533073145,2018-07-31 14:39:05,Lauren Doyle,F,F,M:Q,M:Q,M:Q,, ;
1533073162,2018-07-31 14:39:22,Lauren Doyle ,F,F,M:Q,M:Q,M:Q,,Know Thy Starspot Splinter ;
1533128517,2018-08-01 06:01:57,hekker,F,F,M:Q,M:Q,F:Q,M:Q,, ;
1533128591,2018-08-01 06:03:11,Saskia Hekker,F,F,M:Q,M:Q,F:Q,M:Q,M:Q,, ;
1533128671,2018-08-01 06:04:31,Saskia Hekker,F,F,M:Q,M:Q,F:Q,M:Q,M:Q,, ;
1533128674,2018-08-01 06:04:34,Hekker,F,F,M:Q,M:Q,F:Q,M:Q,M:Q,, ;
1533128675,2018-08-01 06:04:35,Saskia Hekker,F,F,M:Q,F:Q,M:Q,M:Q,,Talk starts 08:32 Talk ends 08:57 Q/A ends 09:04 ;
1533128675,2018-08-01 06:04:35,Saskia Heker, Wednesday Plenary Talk,F,F,M:Q,M:Q,F:Q,M:Q,M:Q,, ;
1533128676,2018-08-01 06:04:36,S Hekker ,,,M:Q,M:Q,F:Q,M:Q,M:Q,, ;
1533128677,2018-08-01 06:04:37,Saskia Hekker,F,F,M:Q,M:Q,F:Q,M:Q,M:Q,, ;
1533128677,2018-08-01 06:04:37,Saskia Hekker,F,F,M:Q,M:Q,F:Q,M:Q,M:Q,, ;
1533128677,2018-08-01 06:04:37,Saskia Hekker,F,F,M:Q,M:Q,F:Q,M:Q,M:Q,, ;
1533128683,2018-08-01 06:04:43,Hekker,F,F,M:Q,M:Q,F:Q,M:Q,M:Q,, ;
1533128690,2018-08-01 06:04:50,Saskia Hekker,F,F,M:Q,M:Q,F:Q,M:Q,M:Q,, ;
1533128691,2018-08-01 06:04:51,Saskia Hekker,F,F,M:Q,M:Q,F:Q,M:Q,M:Q,, ;
1533129547,2018-08-01 06:19:07,Jessie Dotson,F,F,F:Q,F:Q,, ;
1533129553,2018-08-01 06:19:13,dotson,F,F,F:Q,F:Q,, ;
1533129553,2018-08-01 06:19:13,J Dotson ,,,F:Q,, ;
1533129553,2018-08-01 06:19:13,J. Dotson,F,F,F:Q,F:Q,,both questions were asked by chair ;
1533129555,2018-08-01 06:19:15,Jessie Dotson,F,F,F:Q,F:Q,,First female question was by the chair. Second question was also from the chair.  ;
1533129555,2018-08-01 06:19:15,Jessie Dotson,F,F,F:Q,F:Q,,First question was from the session chair (asked about mission status of K2). Second question was also from the session chair after no-one put their hand to ask a question. ;
1533129557,2018-08-01 06:19:17,Jessie Dotson,F,F,F:Q,F:Q,, ;
1533129562,2018-08-01 06:19:22,Jessie Dotson,F,F,F:Q,F:Q,,Talk starts 09:05 Talk ends 09:16 Q/A ends 09:19 First & second question from female chair.  ;
1533129567,2018-08-01 06:19:27,Jessie Dotson,F,F,F:Q,F:Q,,Questions were both from the chair.  ;
1533129570,2018-08-01 06:19:30,Dotson,F,F,F:Q,F:Q,,Both questions were by the chair, no questions from audience. ;
1533130261,2018-08-01 06:31:01,Jessie Dotson,F,F,F:Q,F:Q,, ;
1533130269,2018-08-01 06:31:09,Dotson,F,F,F:Q,F:Q,, ;
1533130528,2018-08-01 06:35:28,valenti,F,M,M:Q,M:C,M:Q,F:Q,M:Q,, ;
1533130532,2018-08-01 06:35:32,J Valenti ,F,M,M:Q,M:C,M:Q,F:Q,M:Q,, ;
1533130533,2018-08-01 06:35:33,Valenti,F,M,M:Q,M:C,M:Q,F:Q,M:Q,, ;
1533130534,2018-08-01 06:35:34,Jeff Valenti,F,M,M:Q,M:C,M:Q,F:Q,M:Q,, ;
1533130536,2018-08-01 06:35:36,Jess Valenti,F,M,M:Q,M:C,M:Q,F:Q,M:Q,,Male comment was long and rambling, not cut off of chair.  ;
1533130544,2018-08-01 06:35:44,Jeff Valenti,F,M,M:Q,M:C,M:Q,F:Q,M:Q,, ;
1533130552,2018-08-01 06:35:52,Valenti,F,M,M:Q,M:C,M:Q,F:Q,M:Q,, ;
1533130554,2018-08-01 06:35:54,Jeff Valenti,F,M,M:Q,M:C,M:Q,F:Q,M:Q,, ;
1533130565,2018-08-01 06:36:05,Jeff Valenti,F,M,M:Q,M:C,M:Q,F:Q,,Talk starts 09:19 Talk ends 09:30 Q/A ends 09:35 ;
1533130612,2018-08-01 06:36:52,Jeff A. Valenti,F,M,M:Q,M:C,M:Q,F:Q,M:Q,, ;
1533130868,2018-08-01 06:41:08,Jeff Valenti,F,M,M:Q,M:C,M:Q,F:Q,, ;
1533131153,2018-08-01 06:45:53,Jeff Valenti,F,M,M:Q,M:C,M:Q,F:Q,M:Q,, ;
1533131386,2018-08-01 06:49:46,R Ezzeddine ,F,F,F:Q,M:Q,M:Q,, ;
1533131388,2018-08-01 06:49:48,Rana Ezzeddine,F,F,F:Q,M:Q,M:Q,, ;
1533131389,2018-08-01 06:49:49,Rana Ezzeddine,F,F,F:Q,M:Q,M:Q,, ;
1533131391,2018-08-01 06:49:51,Ezzeddine,F,F,F:Q,M:Q,M:Q,, ;
1533131392,2018-08-01 06:49:52,Rana Ezzeddine,F,F,F:Q,M:Q,M:Q,M:Q,, ;
1533131392,2018-08-01 06:49:52,Rana Ezzeddine,F,F,F:Q,M:Q,M:Q,, ;
1533131393,2018-08-01 06:49:53,Rana Ezzeddine,F,F,F:Q,M:Q,M:Q,, ;
1533131393,2018-08-01 06:49:53,ezzeddine,F,F,F:Q,M:Q,M:Q,M:Q,, ;
1533131394,2018-08-01 06:49:54,Rana Ezzeddine,F,F,F:Q,M:Q,M:Q,, ;
1533131394,2018-08-01 06:49:54,Rama Ezzeddine,F,F,M:Q,M:Q,,I missed the gender of the first question asker, so this starts from the second one on. ;
1533131395,2018-08-01 06:49:55,Rana Ezzeddine ,F,F,F:Q,M:Q,M:Q,, ;
1533131398,2018-08-01 06:49:58,Rana Ezzeddine,F,F,F:Q,M:Q,M:Q,,Talk starts 09:36 Talk ends 09:45 Q/A ends 09:49 ;
1533131417,2018-08-01 06:50:17,Rana Ezzeddine,F,F,F:Q,F:Q,M:Q,M:Q,M:Q,,Multiple questions from single persons. ;
1533131424,2018-08-01 06:50:24,Ezzeddine,F,F,F:Q,M:Q,M:Q,M:Q,, ;
1533131439,2018-08-01 06:50:39,Rana Ezzeddine,F,F,F:Q,M:Q,M:Q,, ;
1533132180,2018-08-01 07:03:00,Tadafumi Matsuno,F,M,F:Q,F:Q,F:Q,, ;
1533132187,2018-08-01 07:03:07,T. Matsuno,F,M,F:Q,F:Q,F:Q,,Third question was from the session chair ;
1533132215,2018-08-01 07:03:35,Tadafumi Matsuno ,F,M,F:Q,F:Q,F:Q,,Speaker is a graduate student. Last question was from chair.  ;
1533132215,2018-08-01 07:03:35,Matsuno,F,M,F:Q,F:Q,F:Q,,3rd Question by chair. ;
1533132215,2018-08-01 07:03:35,T. Matsuro,F,M,F:Q,F:Q,F:Q,, ;
1533132216,2018-08-01 07:03:36,T. Matsuno,F,M,F:Q,F:Q,F:Q,F:Q,F:Q,,first three questions were asked by the same person ;
1533132216,2018-08-01 07:03:36,Tadafumi Matsuno,F,M,F:Q,F:Q,F:Q,,Talk starts 09:50 Talk ends 10:00 Q/A ends 10:02 Last question by female chair ;
1533132391,2018-08-01 07:06:31,Tadafumi Matsuno,F,M,F:Q,F:Q,F:Q,F:Q,, ;
1533135866,2018-08-01 08:04:26,Tadafumi Matsuno,F,M,F:Q,F:Q,F:Q,,First question: person asked two questions and then made two comments.  ;
1533137017,2018-08-01 08:23:37,matsuno,F,M,F:Q,F:Q,F:Q,, ;
1533137023,2018-08-01 08:23:43,Matsuno,F,M,F:Q,F:Q,F:Q,, ;
1533137227,2018-08-01 08:27:07,Ricardo Schiavone,M,M,F:Q,M:Q,M:Q,, ;
1533137313,2018-08-01 08:28:33,Schiavon,M,M,F:Q,M:Q,M:Q,, ;
1533137318,2018-08-01 08:28:38,Schiavon,M,M,F:Q,M:Q,M:Q,,3rd question by chair. ;
1533137319,2018-08-01 08:28:39,Ricardo Schiavon,M,M,F:Q,M:Q,M:Q,,Multiple qs and cs from the first questioners ;
1533137319,2018-08-01 08:28:39,Ricardo Schiavon,M,M,F:Q,M:Q,M:Q,, ;
1533137320,2018-08-01 08:28:40,Ricardo Schiavon,M,M,F:Q,M:Q,,Talk starts 10:57 Talk ends 11:23 Q/A ends 11:28 ;
1533137321,2018-08-01 08:28:41,Ricardo Schiavon,M,M,F:Q,M:Q,M:Q,,Third question was from the chair.  ;
1533137335,2018-08-01 08:28:55,Ricardo Schiavon,M,M,F:Q,M:Q,M:Q,, ;
1533137342,2018-08-01 08:29:02,Ricardo Schiavon,M,M,F:Q,M:Q,M:Q,, ;
1533137417,2018-08-01 08:30:17,schiavon,M,M,F:Q,M:Q,M:Q,, ;
1533137464,2018-08-01 08:31:04,Ricardo Schiavon,M,M,F:Q,M:Q,,I got distracted after the second question but there were definitely more questions ;
1533137731,2018-08-01 08:35:31,Ricardo Schiavon,M,M,F:Q,M:Q,M:Q,, ;
1533138223,2018-08-01 08:43:43,Fan Liu,M,M,F:Q,F:Q,F:Q,, ;
1533138231,2018-08-01 08:43:51,Liu,M,M,F:Q,F:Q,F:Q,, ;
1533138233,2018-08-01 08:43:53,Fan Liu,M,M,F:Q,F:Q,F:Q,,Talk starts 11:29 Talk ends 11:40 Q/A ends 11:43 ;
1533138234,2018-08-01 08:43:54,Fan Liu,M,M,F:Q,F:Q,F:Q,, ;
1533138234,2018-08-01 08:43:54,Fan Lu,M,M,F:Q,F:Q,F:Q,, ;
1533138236,2018-08-01 08:43:56,F. Liu,M,M,F:Q,F:Q,F:Q,, ;
1533138239,2018-08-01 08:43:59,Fan Liu,,,F:Q,F:Q,F:Q,, ;
1533138240,2018-08-01 08:44:00,F. Liu, Plenary Talk, Open Clusters,M,M,F:Q,F:Q,, ;
1533138241,2018-08-01 08:44:01,Fan Liu,M,M,F:Q,F:Q,F:Q,, ;
1533138862,2018-08-01 08:54:22,Fan Liu,M,M,F:Q,F:Q,F:Q,, ;
1533139162,2018-08-01 08:59:22,agueros,M,M,M:C,M:Q,F:Q,M:Q,M:Q,, ;
1533139203,2018-08-01 09:00:03,Agueros,M,M,M:C,M:Q,F:Q,M:Q,M:Q,, ;
1533139203,2018-08-01 09:00:03,Marcel Agüeros,M,M,M:C,M:Q,F:Q,M:Q,M:Q,, ;
1533139203,2018-08-01 09:00:03,Marcel Agueros,M,M,M:C,M:Q,F:Q,M:Q,M:Q,, ;
1533139204,2018-08-01 09:00:04,Marcel Agüeros,M,M,M:C,M:Q,F:Q,M:Q,M:Q,, ;
1533139207,2018-08-01 09:00:07,Marcel Agüeros,M,M,M:C,M:Q,F:Q,M:Q,M:Q,,Talk starts 11:44 Talk ends 11:53 Q/A ends 11:59 ;
1533139207,2018-08-01 09:00:07,Marcel Agüeros,M,M,M:C,M:Q,F:Q,M:Q,M:Q,, ;
1533139232,2018-08-01 09:00:32,Marcel Agueros,M,M,M:C,M:Q,F:Q,M:Q,M:Q,, ;
1533139271,2018-08-01 09:01:11,Marcel Agueros,M,M,M:C,M:Q,F:Q,M:Q,M:Q,, ;
1533140029,2018-08-01 09:13:49,Marcel Agüeros ,M,M,M:C,M:Q,F:Q,M:Q,M:Q,, ;
1533141394,2018-08-01 09:36:34,R.D. Jeffries,M,M,F:Q,M:Q,M:Q,M:Q,F:Q,, ;
1533141399,2018-08-01 09:36:39,Jeffries,M,M,F:Q,M:Q,M:Q,M:Q,F:Q,, ;
1533141403,2018-08-01 09:36:43,jeffries,M,M,F:Q,M:Q,M:Q,M:Q,F:Q,, ;
1533141404,2018-08-01 09:36:44,Rob Jeffries,M,M,F:Q,M:Q,M:Q,F:Q,, ;
1533141407,2018-08-01 09:36:47,Rob Jeffries,M,M,M:Q,M:Q,F:Q,, ;
1533141407,2018-08-01 09:36:47,Rob Jeffries,M,M,F:Q,M:Q,M:Q,F:Q,, ;
1533141408,2018-08-01 09:36:48,Rob Jeffries ,M,M,F:Q,M:Q,M:Q,M:Q,F:Q,, ;
1533141425,2018-08-01 09:37:05,Rob Jeffries,M,M,F:Q,M:Q,M:Q,F:Q,, ;
1533141573,2018-08-01 09:39:33,Jeffries,M,M,M:Q,M:Q,M:Q,M:Q,F:Q,, ;
1533142368,2018-08-01 09:52:48,Diego Lorenzo-Oliveira ,M,M,M:Q,M:Q,, ;
1533142369,2018-08-01 09:52:49,Lorenzo-Oliveira,M,M,M:Q,M:Q,, ;
1533142374,2018-08-01 09:52:54,Diego Lorenzo-Oliveira,M,M,M:Q,M:Q,, ;
1533142375,2018-08-01 09:52:55,Diego Lorenzo-Oliveira,M,,M:Q,M:Q,, ;
1533142377,2018-08-01 09:52:57,Diego Lorenzo-Oliveira,M,M,M:Q,M:Q, ;
1533142386,2018-08-01 09:53:06,Lorenzo-Oliveira,M,M,M:Q,M:Q,, ;
1533143275,2018-08-01 10:07:55,V. Witzke,M,F,M:Q,M:Q,, ;
1533143284,2018-08-01 10:08:04,Veronika Witzke,M,F,M:Q,M:Q,, ;
1533151877,2018-08-01 12:31:17,V. Witzke,M,F,M:Q,M:Q,, ;
1533215044,2018-08-02 06:04:04,Osten,M,F,M:Q,M:Q,M:Q,F:Q,M:Q,F:Q,,4th question also had a follow up question but I did not record that as a separate question. ;
1533215045,2018-08-02 06:04:05,Osten,M,F,M:Q,M:Q,M:Q,F:Q,F:Q,F:Q,, ;
1533215046,2018-08-02 06:04:06,Rachel Osten,M,F,M:Q,M:Q,M:Q,F:Q,M:Q,F:Q,,First female question asker asked 2 questions.  ;
1533215047,2018-08-02 06:04:07,Rachel A. Osten,M,F,M:Q,M:Q,M:Q,F:Q,M:Q,F:Q,,4th questioner had a follow up question (which I've not explicitly included as another question) ;
1533215063,2018-08-02 06:04:23,Rachel Osten,M,F,M:Q,M:Q,M:Q,F:Q,F:Q,, ;
1533215068,2018-08-02 06:04:28,Rachel Osten,M,F,M:Q,M:Q,F:Q,F:Q,, ;
1533215088,2018-08-02 06:04:48,Rachel A. Osten,M,F,M:Q,M:Q,M:Q,F:Q,M:Q,F:Q,, ;
1533215529,2018-08-02 06:12:09,Rachel Osten,M,F,M:Q,M:Q,M:Q,F:Q,M:Q,F:Q,, ;
1533216000,2018-08-02 06:20:00,C. Argiroffi,M,F,F:Q,F:Q,M:Q,F:Q,, ;
1533216003,2018-08-02 06:20:03,C Argiroffi ,,,F:Q,F:Q,M:Q,F:Q,, ;
1533216006,2018-08-02 06:20:06,CS20 - C. Argiroffi,M,F,F:Q,F:Q,F:Q,, ;
1533216007,2018-08-02 06:20:07,Argioffi,M,F,F:Q,F:Q,M:Q,F:Q,, ;
1533216007,2018-08-02 06:20:07,C. Argiroffi ,M,F,F:Q,F:Q,M:Q,F:Q,, ;
1533216013,2018-08-02 06:20:13,Constanza Argiroffi,M,F,F:Q,F:Q,M:Q,F:C,, ;
1533216013,2018-08-02 06:20:13,C. Argiroffi,M,F,F:Q,F:Q,M:Q,F:Q,, ;
1533216016,2018-08-02 06:20:16,Constanza Arigiroffi,M,F,F:Q,F:Q,M:Q,F:Q,, ;
1533216017,2018-08-02 06:20:17,Constanza Argiroffi Plenary Talk,M,F,F:Q,F:Q,F:Q,, ;
1533216023,2018-08-02 06:20:23,C. Argiroffi,M,F,F:Q,F:Q,M:Q,F:Q,, ;
1533216934,2018-08-02 06:35:34,James Mason,M,M,F:Q,F:Q,F:Q,, ;
1533216938,2018-08-02 06:35:38,James Paul Mason,M,M,F:Q,F:Q,F:Q,F:Q,, ;
1533216938,2018-08-02 06:35:38,Mason,M,M,F:Q,F:Q,F:Q,, ;
1533216939,2018-08-02 06:35:39,James Mason,M,M,F:Q,F:Q,, ;
1533216939,2018-08-02 06:35:39,James Paul Mason,M,M,F:Q,F:Q,F:Q,, ;
1533216940,2018-08-02 06:35:40,J Mason ,M,M,F:Q,F:Q,F:Q,, ;
1533216947,2018-08-02 06:35:47,James Paul Mason,M,M,M:Q,F:Q,F:Q,F:Q,F:Q,, ;
1533216957,2018-08-02 06:35:57,CS20 - J. Mason,M,M,F:Q,F:Q,F:Q,, ;
1533216964,2018-08-02 06:36:04,James Mason,M,M,F:Q,F:Q,F:Q,,Third questioner asked two questions (did not include both in the above) ;
1533217790,2018-08-02 06:49:50,CS20 - C. Villarreal D’Angelo,M,F,M:Q,M:Q,M:Q,M:Q,, ;
1533217798,2018-08-02 06:49:58,D'Angelo,M,F,M:Q,M:Q,M:Q,M:Q,M:Q,, ;
1533217799,2018-08-02 06:49:59,Carolina Villarreal D'Angelo,M,F,M:Q,M:Q,M:Q,M:Q,, ;
1533217802,2018-08-02 06:50:02,Carolina D'Angelo,M,F,M:Q,M:Q,M:Q,M:Q,M:Q,, ;
1533217810,2018-08-02 06:50:10,Villarreal D’Angelo,M,F,M:Q,M:Q,M:Q,M:Q,M:Q,, ;
1533217829,2018-08-02 06:50:29,C D'Angelo  ,,,M:Q,M:Q,M:Q,M:Q,M:Q,, ;
1533217845,2018-08-02 06:50:45,Carolina Villareal D'Angelo,M,F,M:Q,M:Q,M:Q,M:Q,M:Q,, ;
1533217895,2018-08-02 06:51:35,Carolina Villarreal D'Angelo,M,F,M:Q,M:Q,M:Q,M:Q,M:Q,, ;
1533217924,2018-08-02 06:52:04,Carolina Villarreal D'Angelo,M,F,M:Q,M:Q,M:Q,M:Q,M:Q,, ;
1533218820,2018-08-02 07:07:00,Alvarado-Gómez,M,M,M:Q,M:Q,M:Q,, ;
1533218824,2018-08-02 07:07:04,Alvarado-Gomez,M,M,M:Q,M:Q,M:Q,, ;
1533218825,2018-08-02 07:07:05,J. D. Alvarado-Gómez,M,M,M:Q,M:Q,M:Q,,first question was asked by chair ;
1533218825,2018-08-02 07:07:05,CS20 - J. Alvarado-Gómez,M,M,M:Q,M:Q,M:Q,M:Q,, ;
1533218827,2018-08-02 07:07:07,Julian  Alvarado-Gomez,M,M,M:Q,M:Q,M:Q,, ;
1533218841,2018-08-02 07:07:21,J. D. Alvarado-Gómez,M,M,M:Q,M:Q,M:Q,, ;
1533221618,2018-08-02 07:53:38,J Alvarado-Gómez ,,,M:Q,M:Q,M:Q,, ;
1533222673,2018-08-02 08:11:13,J. D. Alvarado-Gómez,M,M,M:Q,M:Q,M:Q,, ;
1533223222,2018-08-02 08:20:22,Julian Alvarado-Gómez,M,M,M:Q,M:Q,M:Q,,First question from chair ;
1533223709,2018-08-02 08:28:29,Katja Poppenhaeger,M,F,F:Q,M:Q,F:Q,M:Q,M:Q,M:C,M:Q,,6th comment was interrupted by the session chair since it wasn't a question ;
1533223718,2018-08-02 08:28:38,Katja Poppenhaeger,M,F,F:Q,M:Q,F:Q,F:C,M:Q,M:C,, ;
1533223720,2018-08-02 08:28:40,Poppenhaeger,M,F,F:Q,M:Q,F:Q,F:C;M:Q,M:Q,M:C,M:Q,,#2 included selfpromotion, #4 was argumentative,  ;
1533223725,2018-08-02 08:28:45,K Poppenhaeger ,M,F,F:Q,M:Q,F:Q,F:Q,M:Q,M:Q,M:C,M:Q,, ;
1533223725,2018-08-02 08:28:45,CS20 - K. Poppenhaeger,M,F,F:Q,M:Q,F:Q,F:Q,M:Q,M:Q,M:C,M:Q,,Commenter wasn't selected by chair, but stood up and spoke. ;
1533223726,2018-08-02 08:28:46,Katja Poppenhaeger,M,F,F:Q,M:Q,F:Q,F:C,M:Q,M:Q,M:C,M:Q,, ;
1533223728,2018-08-02 08:28:48,poppenhagen,M,F,F:Q,M:Q,F:Q,F:Q,M:Q,M:Q,M:C,M:Q,, ;
1533223729,2018-08-02 08:28:49,Katja Poppenhaeger,M,F,F:Q,M:Q,F:Q,F:Q,M:Q,M:Q,M:C,M:Q,, ;
1533223731,2018-08-02 08:28:51,Poppenhaeger,M,F,F:Q,M:Q,F:Q,F:Q,M:Q,M:Q,M:C,M:Q,, ;
1533223735,2018-08-02 08:28:55,Katja Poppenhaeger,M,F,F:Q,M:Q,F:Q,F:Q,M:Q,M:Q,M:C,M:Q,, ;
1533223737,2018-08-02 08:28:57,Poppenhaeger,M,F,F:Q,M:Q,F:Q,F:Q,F:C,F:Q,M:Q,M:C,M:C,, ;
1533223742,2018-08-02 08:29:02,Katja Poppenhaeger,M,F,F:Q,M:Q,F:Q,F:Q,M:Q,M:Q,M:C,M:Q,,Chair cut off the comment halfway through. ;
1533223745,2018-08-02 08:29:05,Katja Poppenhaeger,M,F,F:Q,M:Q,F:Q,M:Q,M:Q,M:C,M:Q,,egregious ;
1533223797,2018-08-02 08:29:57,Katja Poppenhaeger,M,F,F:Q,M:Q,F:Q,F:Q,M:Q,M:Q,M:C,M:Q,,Comment was cut off by the session chair ;
1533223799,2018-08-02 08:29:59,Sam Morrell,F,M,M:Q,M:Q,F:Q,, ;
1533224710,2018-08-02 08:45:10,macgregor,M,F,M:Q,M:C,M:Q,M:Q,, ;
1533224715,2018-08-02 08:45:15,MacGregor,M,F,M:Q,M:Q,M:Q,, ;
1533224716,2018-08-02 08:45:16,Merdith MacGregor,M,F,M:Q,M:Q,M:Q,, ;
1533224717,2018-08-02 08:45:17,MacGregor,M,F,M:Q,M:Q,M:Q,, ;
1533224719,2018-08-02 08:45:19,M MacGregor ,M,F,M:Q,M:Q,M:Q,, ;
1533224724,2018-08-02 08:45:24,Meredith MacGregor,M,F,M:Q,M:Q,M:Q,, ;
1533224764,2018-08-02 08:46:04,CS20 - M. MacGregor,M,F,M:Q,M:Q,, ;
1533224764,2018-08-02 08:46:04,Meredith MacGregor,M,F,M:Q,M:Q,M:Q,, ;
1533224777,2018-08-02 08:46:17,Meredith A. MacGregor,M,F,M:Q,M:Q,M:Q,, ;
1533224787,2018-08-02 08:46:27,Meredith MacGregor ,M,F,M:Q,M:Q,M:Q,, ;
1533224803,2018-08-02 08:46:43,Meredith MacGregor,M,F,M:Q,M:Q,M:Q,, ;
1533225047,2018-08-02 08:50:47,Meredith MacGregor,M,F,M:Q,M:Q,M:Q,, ;
1533225586,2018-08-02 08:59:46,Jan Forbrich,M,M,F:Q,M:Q,F:Q,, ;
1533225590,2018-08-02 08:59:50,J Forbrich,M,M,F:Q,M:Q,F:Q,, ;
1533225592,2018-08-02 08:59:52,Forbrich,M,M,F:Q,M:Q,F:Q,, ;
1533225593,2018-08-02 08:59:53,forbrich,M,M,F:Q,F:Q,M:Q,F:Q,, ;
1533225593,2018-08-02 08:59:53,Jan Forbrich,M,M,F:Q,F:Q,M:Q,F:Q,, ;
1533225595,2018-08-02 08:59:55,Forbrich,M,M,F:Q,F:Q,M:Q,F:Q,, ;
1533225596,2018-08-02 08:59:56,CS20 - J. Forbrich,M,M,F:Q,M:Q,F:Q,, ;
1533225600,2018-08-02 09:00:00,Jan Forbrich,M,M,F:Q,M:Q,F:Q,, ;
1533225622,2018-08-02 09:00:22,Jan Forbrich,M,M,F:Q,M:Q,, ;
1533226193,2018-08-02 09:09:53,Jan Forbrich,M,M,F:Q,M:Q,F:Q,, ;
1533226562,2018-08-02 09:16:02,moore,M,M,M:Q,, ;
1533226579,2018-08-02 09:16:19,Chris Moore,M,M,M:Q,M:Q,M:Q,, ;
1533226607,2018-08-02 09:16:47,Chris Moore,M,M,M:Q,M:Q,M:Q,, ;
1533226612,2018-08-02 09:16:52,Christopher S. Moore,M,M,M:Q,M:Q,M:Q,, ;
1533226615,2018-08-02 09:16:55,Moore,M,M,M:Q,M:Q,M:Q,, ;
1533226619,2018-08-02 09:16:59,Christopher S. Moore,M,M,M:Q,M:Q,M:Q,, ;
1533226625,2018-08-02 09:17:05,moore,M,M,M:Q,M:Q,M:Q,, ;
1533226626,2018-08-02 09:17:06,Christopher S. Moore,M,M,M:Q,M:Q,M:Q,, ;
1533226650,2018-08-02 09:17:30,Moore,M,M,M:Q,M:Q,M:Q,, ;
1533226660,2018-08-02 09:17:40,CS20 - C. Moore,M,M,M:Q,M:Q,, ;
1533227595,2018-08-02 09:33:15,Tofflemire,M,M,M:Q,F:Q,F:Q,M:Q,, ;
1533227595,2018-08-02 09:33:15,B. Tofflemire,M,M,M:Q,F:Q,F:Q,M:Q,, ;
1533227599,2018-08-02 09:33:19,CS20 - B. Tofflemire,M,M,M:Q,F:Q,F:Q,M:Q,, ;
1533227603,2018-08-02 09:33:23,tofflemire,M,M,M:Q,F:C,F:Q,F:Q,M:Q,, ;
1533227603,2018-08-02 09:33:23,B. Tofflemire,M,M,M:Q,F:Q,F:Q,M:Q,, ;
1533227616,2018-08-02 09:33:36,Ben Tofflemire,M,M,M:Q,F:Q,F:Q,M:Q,, ;
1533227676,2018-08-02 09:34:36,B Tofflemire ,M,M,M:Q,F:Q,M:Q,, ;
1533227677,2018-08-02 09:34:37,Ben Tofflemire,M,M,M:Q,F:Q,F:Q,M:Q,, ;
1533234163,2018-08-02 11:22:43,G Basri,M,M,M:Q,F:Q,M:Q,, ;
1533234171,2018-08-02 11:22:51,Basri,M,M,??, F:Q, M:Q,,I think I missed a question ;
1533234172,2018-08-02 11:22:52,Gibor Basri,M,M,M:Q,F:Q,M:Q,, ;
1533234173,2018-08-02 11:22:53,Gibor Basri,M,M,M:Q,F:Q,M:Q,, ;
1533234175,2018-08-02 11:22:55,Gibor Basri,M,M,M:Q,F:Q,M:Q,, ;
1533234178,2018-08-02 11:22:58,Gibor Basri,M,M,M:Q,F:Q,M:Q,, ;
1533234378,2018-08-02 11:26:18,Martinez Pillet - General overview of DKIST,M,M,M:Q,M:Q,, ;
1533234561,2018-08-02 11:29:21,Tofflemire,M,M,M:Q,F:Q,F:Q,M:Q,, ;
1533234728,2018-08-02 11:32:08,Peter Foukal,M,M,,No questions ;
1533234743,2018-08-02 11:32:23,Peter Foukal, stellar brightness variations,M,M,,Chair asked briefly if there were any questions, nobody raised their hands, and so he ended Q&A rather quickly.  ;
1533234747,2018-08-02 11:32:27,P. Foukal,M,M,, ;
1533234754,2018-08-02 11:32:34,Peter Foukal,M,M,,No questions asked.  ;
1533234784,2018-08-02 11:33:04,Foukal,M,M,,No Qs - speaker went over time ;
1533234794,2018-08-02 11:33:14,Alison Sills,M,F,M:Q,F:Q,, ;
1533234796,2018-08-02 11:33:16,A. Sills,M,F,M:Q,F:Q,, ;
1533234797,2018-08-02 11:33:17,sills,M,F,M:Q,F:Q,, ;
1533234798,2018-08-02 11:33:18,A. Sills,M,F,M:Q,F:C,, ;
1533234807,2018-08-02 11:33:27,Foukel,M,M,,0 questions ;
1533234840,2018-08-02 11:34:00,A. Sills,M,F,M:Q,F:Q,, ;
1533235426,2018-08-02 11:43:46,Milic,M,M,M:Q,M:Q,, ;
1533235439,2018-08-02 11:43:59,Reinhold,M,M,??, M:Q,M:C,M:C,,missed 1st Q again. #4 was talking to #3 ;
1533235446,2018-08-02 11:44:06,Timo Reinhold,M,M,M:Q,M:Q,M:C,M:C,, ;
1533235448,2018-08-02 11:44:08,Reinhold,M,M,M:Q,M:Q,M:Q,M:C,, ;
1533235454,2018-08-02 11:44:14,T. Reinhold,M,M,M:Q,M:Q,M:C,M:C,, ;
1533236460,2018-08-02 12:01:00,Grant,M,M,M:Q,M:Q,M:Q,, ;
1533236582,2018-08-02 12:03:02,M. Reiter,M,F,M:C, About Virial parameters: it is complicated. What is important is the substructure., ;
1533236585,2018-08-02 12:03:05,Megan Reiter,M,F,M:C,, ;
1533236586,2018-08-02 12:03:06,Megan Reiter,M,F,M:C,M:C,,First person started with “ I have a couple of comments” ;
1533236589,2018-08-02 12:03:09,reiter,M,F,M:C,M:C,, ;
1533236590,2018-08-02 12:03:10,M. Reiter,M,F,M:C,, ;
1533236648,2018-08-02 12:04:08,M. Reiter,M,F,M:C,, ;
1533236657,2018-08-02 12:04:17,B. Montet,M,M,F:Q,F:Q,F:Q,M:Q,, ;
1533236658,2018-08-02 12:04:18,B Monet ,M,M,F:Q,F:Q,F:Q,M:Q,, ;
1533236658,2018-08-02 12:04:18,Benjamin Montet,M,M,F:Q,F:Q,F:Q,M:Q,, ;
1533236665,2018-08-02 12:04:25,Montet,M,M,F:Q,F:Q,F:Q,M:Q,, ;
1533236669,2018-08-02 12:04:29,Reiter,M,F,M:C,, ;
1533236670,2018-08-02 12:04:30,Benjamin Montet,M,M,F:Q,F:Q,F:Q,M:Q,, ;
1533236673,2018-08-02 12:04:33,Montet,M,M,F:Q,F:Q,F:Q,M:Q,, ;
1533237265,2018-08-02 12:14:25,Nielsen,M,M,M:Q,, ;
1533237269,2018-08-02 12:14:29,M Nielson,M,M,M:Q,, ;
1533237270,2018-08-02 12:14:30,M. Nielsen,M,M,M:Q,, ;
1533237275,2018-08-02 12:14:35,Martin Nielsen,M,M,M:Q,, ;
1533237278,2018-08-02 12:14:38,Martin BO Neilson ,M,M,M:Q,, ;
1533237309,2018-08-02 12:15:09,Martin Nielsen,M,M,M:Q,, ;
1533237608,2018-08-02 12:20:08,Momchil Molnar ,M,M,F:Q,M:Q,M:C,M:Q,M:Q,,This was a 13 minute talk 4 minute questions as part of the DKIST splinter at Cool Stars 20. ;
1533237712,2018-08-02 12:21:52,lodieu,M,M,M:Q,M:Q,, ;
1533237715,2018-08-02 12:21:55,Nicolas Lodieu,M,M,M:Q,, ;
1533237716,2018-08-02 12:21:56,Nicolas Lodieu,M,M,M:Q,, ;
1533237718,2018-08-02 12:21:58,N. Lodieu,M,M,M:Q,, ;
1533237719,2018-08-02 12:21:59,N. Lodieu ,M,M,M:Q,, ;
1533237721,2018-08-02 12:22:01,Lodieu,M,M,M:Q,M:Q,, ;
1533237797,2018-08-02 12:23:17,N. Lodieu,M,M,, ;
1533238377,2018-08-02 12:32:57,Nad`ege Meunier,M,F,M:Q,M:Q,, ;
1533238379,2018-08-02 12:32:59,Meunier,M,F,M:Q,M:Q,, ;
1533238386,2018-08-02 12:33:06,Nadege Meunier,M,F,M:Q,M:Q,M:Q,,Last 2 questions from same person ;
1533238396,2018-08-02 12:33:16,N. Meunier,M,F,M:Q,M:Q,, ;
1533238408,2018-08-02 12:33:28,N. Meunier,M,F,M:Q,M:Q,, ;
1533238409,2018-08-02 12:33:29,,,,, ;
1533238555,2018-08-02 12:35:55,Courtney Peck,M,F,M:Q,,This was a 13 minute talk with 4 minutes for questions as part of the DKIST splinter at Cool Stars 20. ;
1533238609,2018-08-02 12:36:49,J. Kastner,M,M,F:Q,, ;
1533238619,2018-08-02 12:36:59,J Kastner,M,M,F:Q,, ;
1533238681,2018-08-02 12:38:01,Kastner,M,M,F:Q,M:Q,, ;
1533238682,2018-08-02 12:38:02,Joel Kastner,M,M,F:Q,M:Q,, ;
1533238682,2018-08-02 12:38:02,kastner,M,M,F:Q,M:Q,, ;
1533238684,2018-08-02 12:38:04,J. Kastner,M,M,F:Q,M:Q,, ;
1533240298,2018-08-02 13:04:58,Kastner,M,M,F:Q,M:Q,, ;
1533240607,2018-08-02 13:10:07,E Isik ,M,M,M:Q,, ;
1533240608,2018-08-02 13:10:08,Emre Isik,M,F,M:Q,, ;
1533240609,2018-08-02 13:10:09,E. Isik,M,M,M:Q,, ;
1533240613,2018-08-02 13:10:13,Isik,M,M,M:Q,, ;
1533240985,2018-08-02 13:16:25,L. Bravi ,M,M,M:Q,M:Q,M:Q,, ;
1533240996,2018-08-02 13:16:36,Bravi,M,M,M:Q,M:Q,, ;
1533240997,2018-08-02 13:16:37,Luca Bravi,M,M,M:Q,M:Q,M:Q,,The speaker said he was unable to answer a question, so the chair offered an answer (from the same collaboration). ;
1533241013,2018-08-02 13:16:53,L. Bravi,M,M,M:Q,M:Q,M:Q,, ;
1533241070,2018-08-02 13:17:50,Luca Bravi,M,M,M:Q,M:Q,M:Q,, ;
1533241221,2018-08-02 13:20:21,Harry Warren ,M,M,M:Q,M:Q,M:Q,M:Q,,This was a 13 minute talk with 4 minute for questions as part of the DKIST splinter session at Cool Stars 20. ;
1533241380,2018-08-02 13:23:00,Kostogryz ,M,F,M:Q,M:Q,F:Q,, ;
1533241381,2018-08-02 13:23:01,N. Kostogryz,M,F,M:Q,M:Q,F:Q,, ;
1533241384,2018-08-02 13:23:04,N. Kostogryz ,M,F,M:Q,M:Q,F:Q,, ;
1533241924,2018-08-02 13:32:04,S. Mathur,M,F,, ;
1533241928,2018-08-02 13:32:08,S Mathur ,M,F,, ;
1533241929,2018-08-02 13:32:09,Mathur,M,F,,No questions. ;
1533241941,2018-08-02 13:32:21,Kevin Covey,M,M,M:Q,F:Q,, ;
1533241942,2018-08-02 13:32:22,Kastner,,,, ;
1533241942,2018-08-02 13:32:22,Kevin Covey,M,M,M:Q,F:Q,, ;
1533241952,2018-08-02 13:32:32,K. Covey,M,M,M:Q,F:Q,, ;
1533241958,2018-08-02 13:32:38,Kevin Covey,M,M,M:Q,F:Q,, ;
1533242001,2018-08-02 13:33:21,Covey,M,M,M:Q,F:Q,, ;
1533242043,2018-08-02 13:34:03,Savita Mathur ,M,F,,No questions asked. Chair pressed for questions, but still none.  ;
1533242168,2018-08-02 13:36:08,Paola Testa,M,F,M:Q,F:Q,M:Q,M:C,M:Q,,This was a 13 minute talk with 4 minutes for questions as part of the DKIST splinter session at Cool Stars 20.  ;
1533243181,2018-08-02 13:53:01,J. Llama,M,M,M:Q,M:Q,M:Q,M:Q,M:Q,, ;
1533243182,2018-08-02 13:53:02,Llama,M,M,M:Q,M:Q,M:Q,M:Q,M:Q,, ;
1533243185,2018-08-02 13:53:05,J Llama ,M,M,M:Q,M:Q,M:Q,M:Q,M:Q,, ;
1533243188,2018-08-02 13:53:08,Llama,M,M,M:Q,M:Q,M:Q,M:Q,M:Q,, ;
1533243191,2018-08-02 13:53:11,Joe Llama,M,M,M:Q,M:Q,M:Q,M:Q,M:Q,, ;
1533243194,2018-08-02 13:53:14,Joe Llama,M,M,M:Q,M:Q,M:Q,M:Q,, ;
1533243221,2018-08-02 13:53:41,Veronica Roccatagliata,M,F,M:Q,F:Q,F:Q,, ;
1533243224,2018-08-02 13:53:44,roccatagliata,M,F,M:Q,F:Q,F:Q,, ;
1533243228,2018-08-02 13:53:48,Veronica Roccatagliata,M,F,M:Q,F:Q,F:Q,, ;
1533243228,2018-08-02 13:53:48,V. Roccatagliata,M,F,M:Q,F:Q,F:Q,, ;
1533243277,2018-08-02 13:54:37,Jeff Kuhn ,M,M,M:Q,M:Q,M:C,M:Q,M:C,M:Q,,This was a 13 minute talk with 4 minutes for questions as part of the DKIST splinter at Cool Stars 20. ;
1533243303,2018-08-02 13:55:03,V. Roccatagliata,M,F,M:Q,F:Q,F:Q,, ;
1533243303,2018-08-02 13:55:03,Roccatagliata,M,F,M:Q,F:Q,, ;
1533243985,2018-08-02 14:06:25,armstrong,M,M,M:Q,F:Q,, ;
1533244046,2018-08-02 14:07:26,J. Armstrong,M,M,M:Q,F:Q,, ;
1533244078,2018-08-02 14:07:58,X Dumusque,M,M,M:Q,F:Q,M:Q,M:Q,, ;
1533244080,2018-08-02 14:08:00,X. Dumusque,M,M,M:Q,F:C,M:Q,M:C,, ;
1533244084,2018-08-02 14:08:04,Dumusque,M,M,M:Q,F:Q,M:Q,M:Q,, ;
1533244085,2018-08-02 14:08:05,Xavier Dumusque,M,M,M:Q,F:Q,M:Q,M:Q,M:Q,, ;
1533244086,2018-08-02 14:08:06,Dumusque,M,M,M:Q,F:Q,M:Q,M:Q,, ;
1533244086,2018-08-02 14:08:06,Xavier Dumusque,M,M,M:Q,F:Q,M:Q,M:Q,, ;
1533244092,2018-08-02 14:08:12,Xavier Dumusque, stellar brightness variations,M,M,M:Q,F:Q,M:Q,M:Q,, ;
1533244603,2018-08-02 14:16:43,Erica J Gonzales,F,F,M:Q,F:Q,M:C,, ;
1533244802,2018-08-02 14:20:02,T. Milbourbe,M,M,M:C,M:Q,, ;
1533244803,2018-08-02 14:20:03,T Milbourne,,,M:C,M:Q,, ;
1533244807,2018-08-02 14:20:07, Milbourne,M,M,M:C,M:Q,, ;
1533244808,2018-08-02 14:20:08,Timothy Milbourne,M,M,M:C,M:Q,, ;
1533244808,2018-08-02 14:20:08,Milbourne,M,M,M:C,M:Q,, ;
1533244816,2018-08-02 14:20:16,Joseph Armstrong,M,M,M:Q,F:Q,, ;
1533244821,2018-08-02 14:20:21,T. Milbourne,M,M,M:C,M:Q,, ;
1533245383,2018-08-02 14:29:43,Timothy Milbourne ,M,M,M:C,M:Q,M:Q,, ;
1533245578,2018-08-02 14:32:58,Angus,M,F,M:Q,M:Q,F:Q,,Chair locked in the qs from the start ;
1533245627,2018-08-02 14:33:47,Angus,M,F,M:Q,M:Q,F:Q,, ;
1533245627,2018-08-02 14:33:47,Ruth Angus,M,F,M:Q,M:Q,F:Q,, ;
1533245634,2018-08-02 14:33:54,R Angus ,M,F,M:Q,M:Q,F:Q,, ;
1533245635,2018-08-02 14:33:55,Ruth Angus,M,F,M:Q,M:Q,F:Q,, ;
1533245636,2018-08-02 14:33:56,R. Angus,M,F,M:Q,M:Q,M:Q,F:Q,, ;
1533245638,2018-08-02 14:33:58,Ruth Angus, Stellar Brightness Variations,M,F,M:Q,M:Q,F:Q,, ;
1533301394,2018-08-03 06:03:14,CS20 - A. Burgasser,M,M,M:Q,F:Q,M:Q,, ;
1533301397,2018-08-03 06:03:17,Adam Burgasser,M,M,M:Q,F:Q,M:Q,,Talk starts 08:32 Talk ends 08:59 Q/A ends 09:03 ;
1533301401,2018-08-03 06:03:21,Adam Burgasser,M,M,M:Q,F:C,M:Q,,Third question was from the session chair  ;
1533301405,2018-08-03 06:03:25,Adam Burgasser,M,M,M:Q,F:C,M:Q,, ;
1533301417,2018-08-03 06:03:37,Adam Burgasser,M,M,M:Q,F:C,M:Q,, ;
1533301732,2018-08-03 06:08:52,burgasser,M,M,M:Q,F:C,M:Q,, ;
1533301926,2018-08-03 06:12:06,Adam Burgasser,M,M,M:Q,F:Q,M:Q,,Female question was not answered - perhaps I missed that it was a comment. ;
1533302026,2018-08-03 06:13:46,Burgasser,M,M,M:Q,F:C,M:Q,, ;
1533302040,2018-08-03 06:14:00,Adam Burgasser,M,M,M:Q,F:C,M:Q,, ;
1533302239,2018-08-03 06:17:19,Avi Shporer,M,M,M:Q,M:Q,M:Q,, ;
1533302241,2018-08-03 06:17:21,CS20 - A. Shporer,M,M,M:Q,M:Q,M:Q,, ;
1533302242,2018-08-03 06:17:22,Avi Shporer,,,M:Q,M:Q,M:Q,, ;
1533302244,2018-08-03 06:17:24,Avi Shporer,M,M,M:Q,M:Q,M:Q,, ;
1533302245,2018-08-03 06:17:25,Avi Shporer,M,M,M:Q,M:Q,M:Q,, ;
1533302250,2018-08-03 06:17:30,shporer,M,M,M:Q,M:Q,M:Q,, ;
1533302251,2018-08-03 06:17:31,Avi Shporer,M,M,M:Q,M:Q,M:Q,,Talk starts 09:04 Talk ends 09:13 Q/A ends 09:17 ;
1533302278,2018-08-03 06:17:58,Shporer,M,M,M:Q,M:Q,M:Q,, ;
1533302303,2018-08-03 06:18:23,Shporer,M,M,M:Q,M:Q,M:Q,, ;
1533303149,2018-08-03 06:32:29,Avi Shporer,M,M,M:Q,M:Q,M:Q,,Got distracted after the third question - unsure if there were anymore but the first three should be good ;
1533303247,2018-08-03 06:34:07,Avi Shporer,M,M,M:Q,M:Q,M:Q, ;
1533303297,2018-08-03 06:34:57,Aleks Scholz,M,M,M:Q,F:Q,M:Q,M:Q,, ;
1533303297,2018-08-03 06:34:57, Aleks Scholz,M,M,M:Q,F:Q,M:Q,M:Q,,Talk starts 09:18 Talk ends 09:31 Q/A ends 09:34 ;
1533303298,2018-08-03 06:34:58,A Scholz ,M,M,M:Q,F:Q,M:Q,M:Q,, ;
1533303303,2018-08-03 06:35:03,CS20 - A. Scholz,M,M,M:Q,F:Q,M:Q,M:Q,, ;
1533303304,2018-08-03 06:35:04,Aleks Scholz,M,M,M:Q,F:Q,M:Q,M:Q,, ;
1533303304,2018-08-03 06:35:04,Aleks Scholz,M,M,M:Q,F:Q,M:Q,M:Q,, ;
1533303306,2018-08-03 06:35:06,Aleks Scholz,,,M:Q,F:Q,M:Q,M:Q,, ;
1533303307,2018-08-03 06:35:07,Aleks Scholz,M,M,M:Q,F:Q,M:Q,M:Q,,Third questions was from the session chair ;
1533303307,2018-08-03 06:35:07,scholz,M,M,M:Q,F:Q,M:Q,M:Q,, ;
1533303311,2018-08-03 06:35:11,Aleks Scholz,M,M,M:Q,F:Q,M:Q,M:Q,, ;
1533303364,2018-08-03 06:36:04,Scholz,M,M,M:Q,F:Q,M:Q,M:Q,, ;
1533303424,2018-08-03 06:37:04,Scholz,M,M,M:Q,M:Q,, ;
1533303603,2018-08-03 06:40:03,Scholz,M,M,M:Q,F:Q,M:Q,M:Q,, ;
1533304153,2018-08-03 06:49:13,Kristina  Punzi,M,F,M:Q,M:C,M:C,, ;
1533304154,2018-08-03 06:49:14,Kristina Punzi ,M,F,F:Q,M:C,M:C,, ;
1533304156,2018-08-03 06:49:16,Kristina Punzi ,M,F,F:Q,M:C,M:C,, ;
1533304158,2018-08-03 06:49:18,K. Punzi,M,F,F:Q,M:C,M:C,, ;
1533304158,2018-08-03 06:49:18,punzi,M,F,F:Q,M:C,M:C,, ;
1533304158,2018-08-03 06:49:18,K Punzi ,,,F:Q,M:C,M:C,, ;
1533304160,2018-08-03 06:49:20,Punzi,M,F,F:Q,M:C,M:C,,speaker solicited suggestions for interpretation so comments might be desirable ;
1533304166,2018-08-03 06:49:26,Kristina Punzi,M,F,F:Q,M:C,M:C,,Male commentator is FirstName somoene? serial commenter! Second comment is response to FirstName's comment, not even the speaker ;
1533304170,2018-08-03 06:49:30,Kristina Punzi,M,F,F:Q,M:C,M:C,,LastName'd & LastName'd ;
1533304175,2018-08-03 06:49:35,Kristina Punzi,M,F,F:Q,M:C,M:C,,Talk starts 09:36 Talk ends 09:46 Q/A ends 09:49 Male comments on female speaker, as usual ;)  ;
1533304180,2018-08-03 06:49:40,Kristina Punzi,M,F,F:Q,M:C,M:C,, ;
1533304194,2018-08-03 06:49:54,Punzi,M,F,F:Q,M:C,F:Q,, ;
1533304255,2018-08-03 06:50:55,punzi,,,F:Q,M:C,M:C,, ;
1533304297,2018-08-03 06:51:37,CS20 - K. Punzi,M,F,F:Q,M:C,M:C,, ;
1533305058,2018-08-03 07:04:18,Birkby,M,F,M:Q,F:Q,M:Q,, ;
1533305061,2018-08-03 07:04:21,birkby,M,F,M:Q,F:Q,M:C,M:Q,, ;
1533305086,2018-08-03 07:04:46,Jayne Birkby,M,F,M:Q,F:Q,M:Q,, ;
1533305087,2018-08-03 07:04:47,Jayne Birkby,M,F,M:Q,F:Q,M:Q,, ;
1533305087,2018-08-03 07:04:47,J. L. Birkby,M,F,M:Q,F:Q,M:Q,, ;
1533305088,2018-08-03 07:04:48,Jayne Birkby,M,F,M:Q,F:Q,M:Q,,Talk starts 09:50 Talk ends 10:01 Q/A ends 10:04 ;
1533305089,2018-08-03 07:04:49,Jayne Birkby,M,F,M:Q,F:Q,M:Q,, ;
1533305092,2018-08-03 07:04:52,CS20 - J. Birkby,M,F,M:Q,F:Q,M:Q,, ;
1533305093,2018-08-03 07:04:53,Jayne Birkby,M,F,M:Q,F:Q,M:Q,, ;
1533305094,2018-08-03 07:04:54,Jayne Birkby,M,F,M:Q,F:Q,M:Q,, ;
1533305094,2018-08-03 07:04:54,Jayne Birkby,M,M,M:Q,F:Q,M:Q,, ;
1533305097,2018-08-03 07:04:57,J Birkby,M,F,M:Q,F:Q,M:Q,, ;
1533305099,2018-08-03 07:04:59,J. L. Birkby,M,F,M:Q,F:Q,M:Q,, ;
1533305099,2018-08-03 07:04:59,Jayne Birkby,M,F,M:Q,F:Q,M:Q,, ;
1533308159,2018-08-03 07:55:59,Jayne Birkby,M,F,M:Q,F:Q,M:Q,, ;
1533310131,2018-08-03 08:28:51,Marley,F,M,M:Q,M:C,F:Q,F:Q,M:Q,M:Q,M:Q,, ;
1533310138,2018-08-03 08:28:58,CS20 - M. Marley,F,M,M:Q,M:C,F:Q,M:Q,M:Q,M:Q,,Chair was quietly reminded by a member of SOC to instruct audience for questions during the first comment.  ;
1533310138,2018-08-03 08:28:58,Mark Marley,F,M,M:Q,M:C,F:Q,F:Q,M:Q,M:Q,M:Q,, ;
1533310139,2018-08-03 08:28:59,M Marley ,F,M,M:Q,M:C,F:Q,F:Q,M:Q,M:Q,M:Q,, ;
1533310140,2018-08-03 08:29:00,M. Marley,F,M,M:Q,M:Q,F:Q,F:Q,M:Q,M:Q,M:Q,, ;
1533310140,2018-08-03 08:29:00,Mark Marley,F,M,M:Q,M:C,F:Q,F:Q,M:Q,M:Q,M:Q,, ;
1533310144,2018-08-03 08:29:04,Mark Marley,F,M,M:Q,M:C,F:Q,F:Q,M:Q,M:Q,M:Q,, ;
1533310149,2018-08-03 08:29:09,Mark Marley,F,M,M:Q,M:C,F:Q,F:Q,M:Q,M:Q,M:Q,, ;
1533310167,2018-08-03 08:29:27,Marley,F,M,M:C,F:Q,M:Q,,can we ban "nice talk"? sometimes it comes across as patronizing ;
1533310169,2018-08-03 08:29:29,Mark Marley,F,M,M:Q,M:C,F:Q,F:Q,M:Q,M:Q,M:Q,,Talk starts 10:58 Talk ends 11:20 Q/A ends 11:26 Commenter was prompted by chair for a question, ending the comment ;
1533310220,2018-08-03 08:30:20,Mark S. Marley,F,M,M:Q,M:C,F:Q,F:Q,M:Q,M:Q,, ;
1533310952,2018-08-03 08:42:32,Dianna Powell,F,F,F:Q,M:Q,F:Q,, ;
1533310954,2018-08-03 08:42:34,Diana Powell,F,F,F:Q,M:Q,F:Q,, ;
1533310957,2018-08-03 08:42:37,Diana Powell,F,F,F:Q,M:Q,F:Q,, ;
1533310957,2018-08-03 08:42:37,Powell,F,F,F:Q,M:Q,F:Q,, ;
1533310957,2018-08-03 08:42:37,Powell,F,F,F:Q,M:Q,F:Q,, ;
1533310957,2018-08-03 08:42:37,Diana Powell,F,F,F:Q,M:Q,F:Q,, ;
1533310959,2018-08-03 08:42:39,CS20 - D. Powell,F,F,F:Q,M:Q,F:Q,, ;
1533310960,2018-08-03 08:42:40,Diana Powell,,,F:Q,M:Q,F:Q,,Talk starts 11:29 Talk ends 11:40 Q/A ends 11:42 ;
1533310968,2018-08-03 08:42:48,Marley,F,M,M:Q,M:C,F:Q,F:Q,M:Q,M:Q,M:Q,, ;
1533310969,2018-08-03 08:42:49,D Powell ,,,F:Q,M:Q,F:Q,, ;
1533310978,2018-08-03 08:42:58,Powell,F,F,F:Q,M:Q,F:Q,, ;
1533311057,2018-08-03 08:44:17,Diana Powell,F,F,F:Q,M:Q,F:Q,, ;
1533311885,2018-08-03 08:58:05,Vos,F,F,F:Q,M:Q,, ;
1533311887,2018-08-03 08:58:07,CS20 - J. Vos,F,F,M:Q,M:Q,, ;
1533311887,2018-08-03 08:58:07,Johanna Vos,F,F,M:Q,M:Q,, ;
1533311889,2018-08-03 08:58:09,Johanna Vos,F,F,M:Q,M:Q,, ;
1533311889,2018-08-03 08:58:09,Vos,F,F,M:Q,M:Q,, ;
1533311890,2018-08-03 08:58:10,Johanna Vos,F,,M:Q,M:Q,, ;
1533311891,2018-08-03 08:58:11,J Vos ,F,F,M:Q,M:Q,, ;
1533311891,2018-08-03 08:58:11,Vos,F,F,M:Q,M:Q,, ;
1533311893,2018-08-03 08:58:13,Johanna Vos,F,F,M:Q,M:Q,,Talk starts 11:43 Talk ends 11:55 Q/A ends 11:57 ;
1533311896,2018-08-03 08:58:16,Johanna Vos,F,F,M:Q,M:Q,, ;
1533311900,2018-08-03 08:58:20,Johanna Vos,F,F,M:Q,M:Q,, ;
1533312715,2018-08-03 09:11:55,Jacob Luhn - grad student poster winner,F,M,F:Q,M:Q,F:C,M:C,,Comment by chair ;
1533312716,2018-08-03 09:11:56,Jacob Luhn,F,M,F:Q,M:Q,F:C,M:C,, ;
1533312717,2018-08-03 09:11:57,CS20 - J. Luhn,F,M,F:Q,M:Q,M:C,, ;
1533312719,2018-08-03 09:11:59,Jacob K. Luhn,F,M,F:Q,M:Q,F:C,M:C,, ;
1533312721,2018-08-03 09:12:01,Luhn,F,M,F:Q,M:Q,M:C,, ;
1533312722,2018-08-03 09:12:02,Jacob Luhn,F,M,F:Q,M:Q,F:C,M:C,, ;
1533312725,2018-08-03 09:12:05,luhn,F,M,F:Q,M:Q,F:C,M:C,, ;
1533312727,2018-08-03 09:12:07,J Luhn,F,M,F:Q,M:Q,M:C,, ;
1533312729,2018-08-03 09:12:09,Luhn,F,M,F:Q,M:Q,M:C,, ;
1533313562,2018-08-03 09:26:02,Jacob Luhn,F,M,F:Q,M:Q,M:C,,Speaker is a graduate student  ;
1533313667,2018-08-03 09:27:47,H Ngo ,F,M,M:Q,M:Q,, ;
1533313669,2018-08-03 09:27:49,ngo,F,M,M:Q,M:Q,, ;
1533313670,2018-08-03 09:27:50,Ngo,F,M,M:Q,M:Q,, ;
1533313674,2018-08-03 09:27:54,Henry Ngo - postdoc poster winner,F,M,M:Q,M:Q,, ;
1533313684,2018-08-03 09:28:04,Henry Ngo,F,M,M:Q,M:Q,, ;
1533313688,2018-08-03 09:28:08,Henry Ngo,F,M,M:Q,M:Q,, ;
1533313696,2018-08-03 09:28:16,CS20 - H. Ngo,F,M,M:Q,M:Q,,Female with question was ignored and talk finished.  ;
1533313699,2018-08-03 09:28:19,Henry Ngo,F,M,M:Q,M:Q,, ;
1533313710,2018-08-03 09:28:30,Henry Ngo,F,M,M:Q,, ;
1533314006,2018-08-03 09:33:26,FirstName LastName,M,F,,Most of my Q&A time was taken by comments and self promotion of other people's work, but I am sure other participants have documented this accurately on this app. I just wanted to say that after my talk I was approached by FirstName LastName who condescendingly proceeded to tell me what I should have said in my talk ("that's what people would have liked to hear" -- his suggestion was off topic). Then FirstName LastName also came to basically tell me that "we did this 20 years ago".  This made me realise that this kind of thing (old male profs cornering me after my talk to tell me what/how I should have done my talk/work) actually happens regularly. So I figured it would be worth mentioning in this survey (btw thanks for doing this!!). Interestingly enough, when FirstName LastName (male grad student) gave his talk about pretty much the same work that I presented, that we have been doing together, FirstName LastName had a question for him in the Q&A, so I thought " I'd better go look out for FirstName after his talk" but LastName did not show up like he did after my talk. I obviously can't draw any conclusions from this but somehow I just couldn't help noticing. Thanks, FirstName LastName ;